,,,,,,,,,,,,,,"Vol. 37, No. 2, 115-125 (2024)",,,,,,,
,,,,,,,,,,,,,,DOI: http://dx.doi.org/10.7234/composres.2024.37.2.115,,,,,,,
,,,,,,,,,,,,,,"ISSN 2288-2103(Print), ISSN 2288-2111(Online)",,,,,,,
Paper,,,,,,,,,,,,,,,,,,,,,
,,차세대 자동차용 친환경 복합재료의 동향 및 전망,,,,,,,,,,,,,,,,,,,
,,,,,오은영*· Marcela María Godoy Zúniga**,,,,,,,,,,"· 서종환*,**†",,,,,,
,Trends and Perspective for Eco-friendly Composites for,,,,,,,,,,,,,,,,,,,,
,,,,,,Next-generation Automobiles,,,,,,,,,,,,,,,
,,"Eunyoung Oh*, Marcela María Godoy Zúniga**, Jonghwan Suhr*,**†",,,,,,,,,,,,,,,,,,,
,ABSTRACT:,As,global,,issues,and,interest,in,the,environment,,,"increase,",the,transition,to,eco-friendly,,materials,is,
,"accelerating in the automobile industry. In the automotive industry, eco-friendly composite materials are mainly used",,,,,,,,,,,,,,,,,,,,
,in,various,interior,and,exterior,,"components,",,reducing,,the,reliance,,on,traditional,petroleum-based,,materials.,,In,
,"particular, natural fiber composites help reduce fuel consumption and greenhouse gas emissions by making vehicles",,,,,,,,,,,,,,,,,,,,
,lighter.,"Additionally,",,they,boast,,superior,thermal,,properties,,and,durability,,compared,to,non-recyclable,,composite,,
,"materials,",making,,them,suitable,,for,automotive,,interior,,parts.,,"Furthermore,",,reduced,production,,costs,and,
,sustainability are key advantages of natural fiber composites.,,,,,,,,,,,The eco-friendly composites market is expected to grow,,,,,,,,,
,to,$86.43,billion,at,a,CAGR,of,15.3%,from,2022,to,"2030,",and,the,natural,fiber,composites,market,is,predicted,to
,grow at a CAGR of 5.3% from 2023 to 2028 to $424 million. In,,,,,,,,,,,"this review paper, we explore research trends in next-",,,,,,,,,
,generation natural fiber composite materials for automobiles and their application in the actual automobile industry.,,,,,,,,,,,,,,,,,,,,
,초 록:환경에 대한 범세계적인 문제와 관심이 고조되는 가운데 자동차 산업에서도 친환경 소재로의 전환이 가,,,,,,,,,,,,,,,,,,,,
,속화되고 있다.자동차 산업에서 친환경 복합재료는 차량 내부 및 비 구조 부품에 주로 사용된다.특히 천연섬유,,,,,,,,,,,,,,,,,,,,
,복합재료는 차량의 경량화로 연료 소비와 온실가스 배출을 줄이는데 도움을 주며 재활용이 가능하고 우수한 열,,,,,,,,,,,,,,,,,,,,
,적 특성과 내구성을 가지고 있어 자동차 내장 부품에 적합하다. 아울러 생산 비용 절감과 지속 가능성은 천연섬,,,,,,,,,,,,,,,,,,,,
,유 복합재료의 주요 장점이다. 친환경 복합재료 시장은2022년부터,,,,,,,,,,,,,2030년까지 연평균 성장률,,,15.3%로,,864억,3천,
,"만 달러 규모로 성장할 것으로 기대되며, 천연섬유 복합재료 시장은2023년부터",,,,,,,,,,,,,,,2028년까지 연평균,,,5.3% 성장해,,
,4억,"2,400만 달러에 이를 것으로 예상된다. 본 리뷰 논문에서는 천연섬유 복합재료를 중심으로 차세대 자동차용",,,,,,,,,,,,,,,,,,,
,친환경 복합재료의 연구 동향과 실제 자동차 산업에서의 적용에 대해 탐구한다.,,,,,,,,,,,,,,,,,,,,
,"Key Words:천연섬유 복합재료(Natural fiber composites),지속가능자원(Sustainable resources),자동차 산업 (Automotive",,,,,,,,,,,,,,,,,,,,
,"industry), 친환경 복합재료(Eco-friendly composites)",,,,,,,,,,,,,,,,,,,,
1. 서 론,,,,,,,,,,,,체 환경에 가장 큰 영향을 미치며 전 세계 에너지 사용량과,,,,,,,,,
,,,,,,,,,,,,온실 가스 배출의25% 이상을 차지한다. 특히 자동차 산업,,,,,,,,,
환경 오염으로 인한 기후변화는 산업 전반에 걸쳐 위기,,,,,,,,,,,,과 밀접한 관련이 있는 도로운송은 해당 부문 배출량의70%,,,,,,,,,
의식을 가져왔다. 에너지 사용과 관련하여 운송 산업은 전,,,,,,,,,,,,"이상을 차지한다[1,2]. 2022년 기준, 전세계의 탄소 배출량",,,,,,,,,
"Received 5 March 2024, received in revised",,,,,,,"form 17 April 2024, accepted 18 April 2024",,,,,,,,,,,,,,
*,"Department of Mechanical Engineering, Sungkyunkwan University, Suwon 16419, Korea",,,,,,,,,,,,,,,,,,,,
**,"Department of Polymer Science & Engineering,",,,,,,,"Sungkyunkwan University, Suwon 16419, Korea",,,,,,,,,,,,,
,†,Corresponding author (E-mail: suhr@skku.edu),,,,,,,,,,,,,,,,,,,
116,,,"Eunyoung Oh, Marcela María Godoy Zúniga, Jonghwan Suhr",,,
"중 차량이 배출하는 비율은 약16%를 차지하였으며, 지속",,,,,,저부하 응용 분야에서 고가의 유리 섬유를 대체할 수 있는
가능한 자동차를 개발하는 것은 자동차 산업의 우선순위,,,,,,훌륭한 잠재적 후보이다[13].
가 되었다[3]. 파리협정에 따라 전 세계 정부는2030년까지,,,,,,대부분의 천연 섬유는 밀도가 낮기 때문에 합성 섬유나
탄소 배출량을1990년 대비,,55% 감축하는 것을 목표로 하,,,,금속 재료보다 가볍다. 뛰어난 기계적 특성과 결합된 이러
는“Fit-for-55”를 발표하였다. 자동차,,,CO, 배출 기준을 준,,한 특성은 더 강하고 가벼운 재료가 필요한 운송 분야에서
,,,,2,,
수하기 위해서는 자동차 제조업체는 국제 인증기준인WLTP,,,,,,매우 유용하다. 천연 섬유 복합재는 피부와 호흡기에 유해
(Worldwide,Harmonized,Light,Vehicle,Test,Procedure)를,"하지 않으며, 자동차 산업에서 주로 사용되는 유리 섬유보"
경차 표준으로 택해야 한다[4]. 이에 주요 자동차 제조사들,,,,,,다 더 나은 단열 및 방음 기능을 가지고 있다[14]. 천연 섬
은 온실가스 배출을 줄이기 위해 전기자동차와 수소 자동,,,,,,"유 복합재는 저비용,높은 기계적 강도,생태적 지속 가능"
"차로의 전환에 주력해오고 있다[5,6].그러나 전기 자동차",,,,,,"성, 저중량 및 저에너지 요구 사항으로 인하여 자동차 응용"
"의 경우 배터리의 무게는 무려300~700 kg이며, 금속 부품",,,,,,분야에 적합하며 생산비용을 절감할 뿐 아니라 경량화로
의 무게는100~160 kg에 달하여 보다 가벼운 소재의 필요,,,,,,연료 소비를 절감할 수 있다[15].
"성이 현실화되고 있다[7,8]. 일반적으로 자동차의 중량을",,,,,,
10% 줄이면 연비는,7% 향상되며 소재의 경량화는 연비 향,,,,,2.1.1 천연 섬유의 종류
상과 직결된다[9].,,,,,,현재 친환경 복합재료에는 다양한 천연 섬유가 사용되
복합재료는 금속에 비해 상당한 이점을 제공한다.질량,,,,,,"고 있으며 크게 식물 섬유, 동물성 섬유, 그리고 광물 섬유"
"감소와 부식 문제를 줄이는데 도움이 되며, 높은 공간 효율",,,,,,와 같이 세가지 카테고리로 분류할 수 있다.식물 섬유는 셀
"성, 조립의 용이성,높은 설계 자유를 제공하는 동시에 차",,,,,,룰로오스 피브릴과 리그닌 매트릭스로 구성되어 있기 때
량에 요구되는 기계적 물성을 충족시킬 수 있다. 나아가 재,,,,,,문에 리그노셀룰로오스 섬유라고도 알려져 있다[16]. 동물
생 가능한 자원을 친환경적으로 개발하고 석유계 화학물,,,,,,"성 섬유는 단백질로 구성되어 있으며α-케라틴 섬유(털, 양"
질의 의존도를 낮추기 위하여 친환경 소재로의 전환은 필,,,,,,"모, 깃털)와 피브로인 섬유(실크, 거미줄)의 두 그룹으로 나"
수적이다. 자동차 산업은 천연 섬유를 고분자 기반 복합재,,,,,,"뉜다. 이러한 섬유는 양(양모), 염소(알파카, 캐시미어), 말"
료에 도입한 최초의 산업 중 하나이다. 1940년대에Henry,,,,,,등과 같은 털이 많은 포유류에서 얻을 수 있다[17]. 광물 섬
Ford는 외부 차체 패널 제조에 대마 섬유 강화 대두 수지를,,,,,,"유는 대부분 석면으로 구성된 자연 발생 섬유인 반면, 세라"
사용하여 천연 복합재료를 실험하고 생산하기 시작했다[10].,,,,,,"믹 섬유에는 유리 섬유(유리 솜 및 석영), 산화알루미늄, 탄"
"궁극적으로 친환경 복합재료는 경량화, 내열성 및 높은 기",,,,,,화규소 및 탄화붕소가 포함된다. 이러한 인공 섬유는 길이
계적 특성을 통해 더 나은 차량 효율성을 보장하는데 중요,,,,,,"가 몇 센티미터에 불과하며,완전한 결정 구조로 인해 식물"
한 역할을 하므로 자동차 산업에서 요구하는 차량의 중량,,,,,,및 동물 섬유와 구별된다[18]. 합성섬유는 기계적 물성과
감소 및 지속 가능성 목표를 달성하는데 크게 기여할 수 있다.,,,,,,난연성이 우수하지만 인체에 대한 극심한 유해성으로 인
본 리뷰 논문에서는 자동차 산업의 핵심 경쟁력으로 떠,,,,,,해 적용이 제한되고 있다[19].
오르고 있는 차세대 자동차용 친환경 복합재료의 동향을,,,,,,
고분자 기반 천연섬유 강화 복합재료 중심으로 탐구하고,,,,,,2.1.2 천연 섬유의 특성
나아가 지속가능성을 위한 자동차 제조업체의 전략과 친,,,,,,"천연 섬유의 물리 및 화학적 형태와 세포의 치수 및 모양,"
환경 소재의 적용에 대해 고찰하고자 한다.,,,,,,패턴 및 두께 등은 화학적 조성 외에도 섬유의 특성에 영향
,,,,,,을 미친다[20]. 더욱이 천연 섬유 강화 고분자 복합재료의
2. 본 론,,,,,,성능은 이러한 물리/화학적 섬유 특성과 섬유와 고분자의
,,,,,,상호 작용에 의해 크게 좌우된다[21]. 현재 자동차 산업에
2.1 천연 섬유 강화재,,,,,,"서 가장 널리 사용되는 천연 섬유는 식물성 섬유로, 본 리"
천연 섬유는 생물의 세포나 세포에 포함된 물질인 원형,,,,,,뷰에서는 식물에서 유래한 천연 섬유를 중점적으로 다루
질이 변화하여 일정한 모양과 일정한 방향으로 길게 늘어,,,,,,고자 한다.
진 것이다. 이는 연속 필라멘트로 되어 있는 특징적인 단면,,,,,,"식물성 천연섬유는 주로 셀룰로오스,헤미셀룰로오스,리"
및 형태를 가지며 복합 재료의 구성요소로 사용할 수 있다,,,,,,"그닌, 펙틴 및 기타 왁스성 물질로 구성된다[33,34]. 셀룰로"
"[11]. 자연에 존재하는 섬유는 식물, 동물, 광물자원 등에서",,,,,,"오스는 당분 분자의 일종으로, 여러 개의 포도당 분자가 선"
유래하며 그 기원에 따라 분류된다[12]. 천연 섬유는 가볍,,,,,,형으로 연결된 고분자 구조를 가지고 있다.이 고분자 구조
"고, 강하며, 재생이 가능하고, 경제적이고 생분해가 가능하",,,,,,"에서 약36%는 결정 영역이며,이 부분은 강한 수소 결합으"
여 친환경적이라는 장점을 가지고 있다. 열경화성 및 열가,,,,,,로 연결되어 견고하고 결정적인 특성을 갖는다.나머지64%
소성 고분자 기지재를 강화하는데 사용할 수 있으며 특히,,,,,,"는 비 결정 영역으로, 덜 정렬되어 있고 더 유연한 특성을"
,Trends and Perspective for Eco-friendly Composites for Next-generation Automobiles,117
,는 셀룰로오스 섬유 중 가장 강한 아바카는 필리핀이 원산,
,"지이며 필리핀이 전 세계 공급량의8할 이상을 차지한다[14,",
,"39]. 대나무(Bamboo)는 벼과 식물로, 세계에서 가장 빠르게",
,자라는 식물이기도 하다.대나무 줄기의 주성분인 셀룰로,
,"오스는β-1-4 glucose 결합으로 이루어진 천연고분자로, 식",
,"물세포벽 내에서는 단분자로서 독립적으로 존재하지 않고,",
,적층 구조를 형성하며 존재한다. 조직 내 섬유의 단방향 배,
,"열은 섬유에 우수한 기계적 특성을 부여한다[32]. 아마(Flax,",
,Linseed)는 중앙아시아 원산의 한해살이풀로서 높은 기계,
,적 및 내열성 특성으로 인해 오늘날 널리 사용되는 천연 소,
,"재 중 하나이다[40]. 이는 자동차 도어 패널, 자동차 지붕,",
,트렁크/후석 패널 및 수하물 선반을 포함한 자동차 산업의,
,"내부 구조용 열가소성 고분자 복합재료에 사용된다[14,41].",
,황마(jute)는 인도 원산의1년생 작물로서 인도 벵골 지방,
,이 전 세계의 경작면적의90% 이상을 차지하고 있다. 황마,
,의 일부는 직물 섬유이고 다른 일부는 여러 개의 셀로 구성,
,된 목재로 구분된다. 이들 세포는 셀룰로오스를 기반을 한,
,"결정질 미세섬유로 형성되며,이는 무정형 리그닌과 헤미",
,셀룰로오스에 의해 완전한 층에 연결된다[42].황마는 생,
,"산량이 가장 많고,저렴한 인피 섬유 중 하나이다.황마기",
,반 열가소성 고분자 복합재료는 이미 독일 자동차 도어 패,
,널 산업에서 상당한 시장을 확보하였다[43].대마(Hemp)대,
,"마초과에 속하며 중앙아시아가 원산지인 식물로4,500년",
,이상 전에 중국에서 재배된 것으로 알려져 있다. 참마(True,
,hemp)는 가늘고 밝은 색을 띠며 광택이 나고 튼튼한 인피,
,섬유를 다시 엮어 얻은 것이다.대마 섬유는 높은 강성과 강,
,도로 인해 생체 복합재의 보강재로도 사용되는 것으로 보,
Fig. 1.,General plant fibers used in the automotive biocomposites,
,"고된 바 있다. 또한 자동차 도어 패널, 자동차 천장 및 인테",
,[22-32],
,리어 디자인과 같이 아마 섬유와 유사하게 자동차 응용 분,
,야에도 사용된다[44]. 양마(Kenaf)는 히비스커스(Hibiscus),
가지고 있다. 이러한 구조는 기계적 강도와 생물학적 안정,속에 속하며 약300여종이 있다. 생장이 빠르고 일반 식물,
성에 매우 중요한 역할을 한다[35]. 헤미셀룰로오스는 식,의5배 이상의 이산화탄소 분해 능력과 수질정화 작용을 가,
물 세포벽의 구성성분 중 펙틴을 제외한 것으로 셀룰로오,지고 있어 친환경 산업 소재로 각광을 받고 있다.양마는 줄,
스 표면에 특징적으로 결합하는 유연한 성질의 비결정적,기 건조 중량의 약35%에 해당하는 긴 인피와 중공 코어 대,
다당류이다[36].리그닌은 무정형이며 세포벽을 강화하고,신 짧은 코어 섬유가 독특한 조합을 이루고 있으며 셀룰로,
셀룰로오스에 대한 보호 장벽 역할을 한다[37]. 모든 식물,오스 함량이 무려80%에 이른다[45]. 모시라고도 불리오는,
기반 섬유에 있는 셀룰로오스의 주요 화학 구조는 유사한,"저마(Ramie)는 주로 동남아시아와 중국에서 재배되며,가",
것으로 밝혀졌다. 그러나 각 셀룰로오스 유형의 셀 기하학,"장 오래 사용된 섬유 작물 중 하나로 최소6,000년 이상 사",
"적 구조는 섬유에 따라 달라지는 반면,중합 정도는 서로 다","용되어왔다[14,46]. 다른 인피 섬유와 달리 저마는 섬유질",
르다[38].,을 제거하기 위해 광범위한 화학적 처리가 필요하여 그 사,
Fig. 1은 자동차용 복합재료에서 가장 많이 사용되는 식,용이 제한되어 왔으나Munawar et al.은 저마의 높은 기계,
물 기반 섬유이다. 또한 해당 섬유의 장단점은Table 1과 같,적 특성을 바탕으로 복합재료용 고성능 식물 섬유로서의,
다. 마닐라삼으로도 알려진 바나나 나무과의 아바카(Abaca),가능성을 보고한 바 있다[47]. 용설란과에 속하는 사이잘,
섬유는 인공섬유가 개발되기 전 까지만 해도 세계에서 가,(Sisal)의 잎섬유는 연간 약,450만톤이 전 세계에서 수확되
장 중요한 섬유 자원이었다. 아바카 섬유는 내구성이 뛰어,"며, 주 생산지는 중남미와 아프리카이다[48].사이잘은 일",
"나고 흡습성이 좋으며, 해수와 같은 염분에 강하여 선박용","반적으로200~250개의 잎을 가지고 있으며, 각 잎에는 최",
로프나 네트 등을 생산하는데 사용된다.시중에서 판매되,"소1,000~1,200개의 섬유다발이 있다[49].",
118,"Eunyoung Oh, Marcela María Godoy Zúniga, Jonghwan Suhr",,
"일반적으로 사이잘 섬유는 레팅(Retting), 긁기(scraping),",,층으로 구성된 셀룰로오스의 배열은 면 섬유에 강도와 흡,
박피제(Corticatior)와 같은 기계적 공법을 사용하여 추출된,,수 특성을 부여한다[54]. 파인애플(Pineapple) 섬유는,
다[50-53]. 면(Cotton) 섬유는 목화에서 얻어낸 솜에서 추출,,Bromeliaceae과에 속하는 식물,Anannus comosus의 잎에서
한 것으로 식물의 씨앗 주위에서 자라며 순수한 셀룰로오,,얻는다.해당 섬유는 농업폐기물의 효율적인 이용을 가능,
스로 구성된다. 스프링의 코일과 유사한 구조를 가진 여러,,하게 하지만 특수작물이기 때문에 제한된 양의 섬유질만,
,Table 1.,Advantages and disadvantages of natural fibers,
Natural Fiber,Advantages,Disadvantages,Ref.
,• The individual abaca fiber exhibited an elongation at break,,
,ranging from 4.3% to 9.7%.,• Highly moisture-absorbent,
,• Non-toxic,• Inconsistent performance stability,
Abaca,,,"[39, 56]"
,• Low cost,• The manual extraction of biers requires sig-,
,• Exceptional buffer reliability,nificant labor input,
,• Resistant to decay and damage from saltwater,,
,• Lightweight,,
,• Strong tensile strength,• High irregularity,
,• High tensile modulus,• Poor quality.,
Banana,,,"[57, 58]"
,• Minimal elongation at break,• High moisture absorption.,
,• Cost-effective,• Stiffer than other fibers such as sisal fibers,
,• Abundant,,
,"• Compared to other natural fibers, bamboo fiber has a",• High moisture absorption affects the interfa-,
,higher ultimate tensile strength and Young’s modulus,cial bonding between bamboo fibers and a,
Bamboo,• Because of various micro-holes and micro-gaps in its cross,"hydrophobic polymer matrix, consequently,","[59, 60]"
,"section, exhibits good water absorption",the mechanical properties of the final com-,
,• Antibacterial function,posite are deteriorated,
,• Tensile strength and Young’s modulus lower than those of,,
,other plant fibers due to high microfibrillar angle,• Hydrophilic,
,• High lignin content responsible for useful properties such,• Their mechanical and physical properties are,
Coir,,,"[28, 61]"
,"as weather, fungal, and bacterial resistance","strongly dependent on the climate, location,",
,• Hardwearing quality,and weather,
,• Durability,,
,,"• Date palm fibers’ different sizes have variable,",
,,unstable effects,
,• Cheap and abundant,• Poor fiber-matrix interaction,
Date Palm,• Low density per unit volume high strength,"• Flexural strength, tensile strength and impact","[25, 62]"
,• Not toxic,strength of the bio-composites decreased,
,,with the increase of date palm fiber loading,
,,content.,
,• Can replace glass fibers in many applications among the,,
,various plant fibers,,
,,• Poor compatibility with matrices,
,• The orientation of flax fiber in polymers had a significant,,
Flax,,• High moisture absorption,"[22, 63]"
,impact on the mechanical performance of composites,,
,,• Highly flammable,
,• The woven fabric has been reported to have more balanced,,
,properties from the available forms of flax fibers,,
,• Inexpensive and available,,
,,• Lower durability when compared with syn-,
,"• Low density, high specific stiffness, and strength.",,
,,thetic fiber,
,• One of the strongest and stiffest available natural fibers,,
,,"• High moisture absorption, which results in",
,• Can be cultivated in nearly all temperate and tropical,,
,,swelling and dimension instability,
Hemp,countries,,"[64, 65]"
,,• High variability of properties,
,• Low health hazards during the manufacturing processes.,,
,,• Poor matrix-fiber interfacial adhesion,
,• Low emission of toxic fumes when subjected to heat and,,
,,"• Flammable, sensitive to UV, and microbial",
,during incineration,,
,,attack,
,• Good thermal and acoustic properties,,
,Trends and Perspective for Eco-friendly Composites for Next-generation Automobiles,,,119,
,,,Table 1.,Continued,
Natural Fiber,,Advantages,,Disadvantages,Ref.
,• Biodegradable,,,• The weak interface reduces the fiber’s rein-,
,• High strength,,,forcing efficiency due to a lack of stress,
Jute,,,,"[23, 56]",
,• Thermal conductivity,,,transfer from the matrix to the fibers,
,• Low cost,,,• Loss of strength when wet,
,• Renewable,,,,
,• Easily recycled,,,• Kenaf fibers have an irregular cross-sectional,
,• Inexpensive,,,area that fluctuates along the length of fiber,
,• Easily grown even under severe conditions such as low,,,reporting unstable mechanical properties,
Kenaf,water supply and little fertilizer,,,• Difficulty in handling the long fiber bundles,"[66, 67]"
,• Low weight,,,"• Hydrophilic property, due to cellulose con-",
,"• Can be quickly, easily pulped and bleached with ecof-",,,"tent, has deep impact on the weak interface",
,riendly chemicals,,,bonding with the polymer matrix,
,"• The plant can grow to more than 3m, providing long fibers",,,,
,,,,"• Not fully exploited, due to the nonavailability",
,,,,of suitable spinning methodology,
Pineapple,• Efficient use of the agricultural waste,,,"[68, 69]",
,,,,• Few fibers yield from the existing methods,
,,,,and difficulties associated with the extraction,
,,,,"• The presence of impurities, such as natural",
,• Available fiber worldwide,,,oils and wax is the primary problem,
,• It can be grown at low financial input and maintenance,,,• Hydrophilic in nature,
Sisal,even in wastelands,,,• Insufficient contact between the polar hydro-,"[24, 70]"
,"• Enhances the thermal, mechanical, and acoustic properties",,,philic fiber and the non-polar hydrophobic,
,of polymers,,,• Can only be processed at certain tempera-,
,,,,tures,
Table 2. Mechanical properties of plant-based natural fiber [71-74],,,,는 밀도가 낮은 섬유보다 더 단단하고 강하다[11]. 또한 제,
,Tensile Strength,Yong’s Mo du lu s,Elongation at,조 및 처리과정은 섬유의 내구성과 기계적 특성에 영향을,
Natural Fiber,,,,,
,(MPa),(GPa),break (%),미칠 수 있다. Table 2는 다양한 천연섬유의 기계적 특성을,
Abaca,400-800,6-12,3-10,보여준다.,
Banana,200-600,4-10,1.5-3.5,,
Bamboo,300-800,20-30,1.4-3,2.1.3 고분자 복합재료에서의 천연섬유 표면처리,
Coir,100-300,4-10,10-15,천연 섬유는 수분에 대한 민감도가 높기 때문에 수분 흡,
Date Palm,300-600,10-25,1-3,수로 인해 고분자 기지재와 섬유 사이에 박리가 발생하여,
Flax,250-700,40-80,1.5-3.2,복합재료의 기계적 특성의 저하가 발생한다.이는 섬유에,
Hemp,400-900,40-80,2-3.5,"펙틴,리그닌,헤미셀룰로오스와 같은 비셀룰로오스 성분",
Jute,398-800,13-30,1.5-2.5,"이 존재하기 때문에 극성을 가지게 되고, 친수성을 띠므로",
Kenaf,300-450,20-30,1.6-6.9,수분 흡수를 위한 활성 조건을 제공할 수 있기 때문이다.그,
Pineapple,400-700,23-30,2-4,러나 섬유의 표면 개질로 복합재료에 천연 섬유를 활용하,
Sisal,530-640,29.4-22,3-7,는 데 있어 위와 같은 문제를 해결할 수 있다[75].,
,,,,"천연 섬유의 표면 개질은 물리적, 화학적, 생물학적으로",
,,,,수행될 수 있다. 각 처리 유형과 관련된 메커니즘에 관계없,
얻을 수 있다. 따라서 섬유의 등급을 매기려는 시도는 이루,,,,이 이들의 목표는 모두 유사하다.일부 섬유 표면 그룹의 원,
어지지 않고 있다[55].,,,,자 결합을 끊어 기능화를 가능하게 하는 것이다. 천연 섬유,
각 식물기반 섬유의 기계적 특성은 고분자 조직과 세포,,,,는 기계적 특성을 개선하기 화학적 변형은 천연섬유의 반,
벽의 분자 상호 작용에 결정적으로 의존한다. 가장 중요한,,,,응성 구성 요소와 화학 시약 사이의 화학 반응으로 구성되,
매개변수는 섬유의 밀도로 알려진 세포벽(Cell wall)과 내,,,,어 둘 사이에 공유 결합을 형성한다[76]. 알칼리 처리와 같,
강(Lumen)의 비율과 세포벽 층의 셀룰로오스의 방향이다.기,,,,은 이러한 화학적 처리 중 일부는 결정 구조를 수정하고 섬,
계적 특성이 전체 섬유 단면과 관련될 때 밀도가 높은 섬유,,,,유 구조에서 헤미셀룰로오스 및 리그닌과 같은 비셀룰로,
120,"Eunyoung Oh, Marcela María Godoy Zúniga, Jonghwan Suhr",,
오스 성분을 제거함으로써 천연 섬유의 기계적 특성을 크,문에 자동차의 전 과정에서 배출되는 탄소는 물질화 단계,,
"게 향상시킬 수 있는 것으로 관찰되었다.또한,발수제 사","에서 부분적으로 상쇄된다[90].즉,친환경 내장재나 원재",,
용과 같이 선택적 화학 처리를 통해 수분 흡수와 그에 따른,료 사용 비율이 높을수록 이산화탄소와 휘발성 유기화합,,
"천연 섬유의 팽창을 줄일 수 있다.더욱이,실란 커플링제",물 배출을 줄이는데 유리하다. 이에 글로벌 자동차 브랜드,,
의 사용은 강한 화학적 결합 형성을 통해 섬유와 고분자 기,들은 지속가능성을 우선시하고 친환경 복합재료의 적용을,,
지재 간의 계면 상호 작용을 향상시켜 복합재료의 기계적,확대하고 있다[91].,,
성능을 크게 높일 수 있다[77]. 천연섬유를 가공하는 물리,글로벌 자동차 그룹인Opel은 이미,1990년대부터 이러한,
적 방법은 주로 천연 섬유 다발을 개별 필라멘트로 분리하,접근을 시도해왔다. Calibra 모델에는 헤드라이트 프레임,,
고 섬유 표면 구조를 변형하여 복합재료에 대한 호환성을,"(Headlight frame)과 워터 디플렉터(Water deflector), 범퍼",,
높이는데 사용된다. 천연 섬유 기능화를 위한 물리적 방법,"(Bumper), 그리고 인렛 매니폴드(Inlet manifold)에 다양한",,
"의 일부 예로 플라즈마,초음파 및UV광 등이 사용될 수 있",유형의 재활용 재료가 포함되어 있다[92].,,
"다[78,79]. 최근까지도 화학적, 물리적 표면 개질이 가장 일",메르세데스-벤츠 그룹(Mercedes-Benz Group)은 최근 공,,
반적으로 알려지고 또 사용되어 왔으나 이는 다량의 용매,개된 순수 전기 컨셉카 비전EQXX의 인테리어에 지속 가,,
및 유해 화학물질의 사용과 폐기물 생성으로 인한 환경 오,능한 경량 소재를 사용했다. 도어 핸들은 강철보다 강하지,,
"염, 높은 에너지 사용, 일부 장비의 높은 비용 등의 단점을",만 생분해되는Biosteel® 섬유로 만들어졌다. 바닥 매트 역,,
"안고 있다. 이 문제를 극복하기 위해 곰팡이, 박테리아, 효",시 재활용이 가능한 대나무 섬유로 만들어졌다[93]. A-Class,,
"소와 같은 미생물을 사용한 방법이 연구되고 있으며, 생물",모델은 코코넛 섬유와 고무 라텍스 복합재로 구성된 시트,,
학적 방식은 더 낮은 에너지 투입으로 천연 섬유의 표면 개,를 사용한다. E-Class 모델은 아마-사이잘 섬유 매트 강화,,
질을 가능하게 한다[80]. 최근 천연섬유 복합재료의 연구,"에폭시 도어 패널을 사용한다[94,95].메르세데스-벤츠 그",,
동향은 단순히 친환경 재료를 사용하는 것에서 나아가 제,"룹은2039년까지 폐 어망, 페트병 등을 업사이클링해 만든",,
조 과정에서도 친환경적인 방식으로 접근하는 것에 초점,재활용 소재 적용률을 평균40%까지 높일 계획이다[84].,,
을 맞추고 있다[81].,BMW는,i8 내부에 사용되는 시트 및 도어 트림의 악센트,
,"스트립(Accent strip), 루프 라이너(Roof liner),바닥 매트,차",,
2.2 자동차 산업에서의 친환경 복합재료 동향 및 전략,체 필러 트림(Body pillar trim) 및 바닥 덮개 등에 혁신적인,,
최근 몇 년 동안 자동차 산업에서는 각종 규제와 기술의,재활용 공정을 적용하였다.원료가 되는 폴리에스터 과립,,
"변화로 인해 고분자 복합재료에 대한 수요가 증가했다[4,",은 재활용이 가능한PET 등의 소재로 생산되며 특수 공정,,
"82].자동차 산업의 트렌드는 내연기관에서 전기차 (EV, Electric",을 통해40%의 버진 울과 결합되어 고급 커버 원단을 제작,,
"Vehicle), 수소연료전지, 하이브리드 자동차로 변화하고 있",하였다[96]. 또한2021년,IAA 모빌리티에서,100% 재활용이
다. 또한 교통 혼잡에 대응하기 위해 도시에서 대규모 항공,가능한 소재로 제작된 전기 콘셉트 모델인BMW I 비젼 서,,
작전을 수행하는 운송 부분의 파괴적인 신기술인 도심항,큘러(Vison Circular)를 공개하며 친환경 소재 사용에 대한,,
"공 모빌리티(UAM, Urban Air Mobility) 역시 기하급수적으","의지를 강조하였다. 원형은 내부에 사용되는 플라스틱, 고",,
로 성장하고 있다[83]. EV와UAM이 도시 인프라와 통합되,"무, 유리 등 재활용 소재를 사용하고 차체를 구성하는 데에",,
기 위해서는 주행 거리를 극대화하기 위해 경량화가 절대,도 스틸을 사용해 자동차의 수명이 다한 후에도 모든 부품,,
적으로 필요하다.파워트레인 기술의 패러다임 전환을 담,"을 재활용할 수 있다. 또한, 각 부품을 연결하기 위해 접착",,
"당하는 법적 규제로 인하여 경량 부품,친환경 솔루션 및 견",제를 사용하는 것이 아닌 레디메이드 방식으로 제작했으,,
고한 배터리 인클로저 시스템을 생산하기 위한 복합재료,"며, 일부 부품은3D 프린팅 기술로 제작해 제조 단계에서",,
에 대한 수요가 증가하고 있다.,폐기되는 부품을 최소화했다. BMW그룹은 앞으로 재활용,,
본격적인 전기자동차로의 전환이 예상되는2035년에는,"플라스틱,천연섬유,바이오플라스틱,비건가죽 등을 차량",,
내연기관 자동차 생산량이20억대를 유지할 것으로 전망,의 내/외장으로 확대 적용해 탄소 배출을 획기적으로 줄일,,
"되며, 부품 경량화를 통한 탄소배출 저감이 틈새시장이 될","계획이다[97,98].",,
수 있다. 차세대 자동차 산업은 전기화를 넘어서 천연 섬유,"제너럴 모터스(GM, General Motors)는Chevrolet Impala",,
"복합재부터 바이오 기반 수지,재활용,제조 방법 등에 이",2002 모델의 뒷선반 구성 요소와 트림 패널에 아마/PP 복,,
르기까지 많은 구성 요소에 대해 보다 지속 가능한 재료 솔,합재료를 사용한 바 있다[99]. GM은 친환경 소재 개발 및,,
루션을 향한 혁신을 계속해서 찾고 있다[84-88]. 친환경 소,"적용을 위한 측정 솔루션을 개발하고 있으며, 이를 통해 원",,
재와 플라스틱을 재활용을 결합하는 것은 탄소 중립을 달,"자재를 대체하는 것이 아닌 디자인,소재,공급망 등을 고",,
성하는 데 필수적인 역할을 할 것이다[89]. 천연원료의 경,려한 체계적인 개발 및 관리 환경을 조성하여 자원과 재료,,
우 식물이 성장하는 과정에서 이산화탄소를 흡수하기 때,가 지속적으로 재사용되는 순환경제를 구축하는 것을 목,,
,,Trends and Perspective for Eco-friendly Composites for Next-generation Automobiles,121,
표로 하고 있다[100].,,,서는 이 문제를 해결하기 위해 석유 기반 플라스틱 사용을,
볼보(Volvo)의 경우2025년 이후 출시되는 신차에 최소,,25%,제한하고 친환경적인 대안을 장려하고 있다.또한 자동차,
이상으로 재활용 및 바이오 소재 플라스틱의 비율을 높일,,,"의 제조업체는 자동차의 유효 수명동안 자동차를 유지, 관",
"계획이다. 이는 대시보드, 바닥 매트, 시트 등에 우선 적용",,,리할 책임이 있다. 전 세계적으로 플라스틱 쓰레기와 폐기,
"되고, 향후에는 바이오 소재 플라스틱의 사용 비율을 높일",,,물이 쌓이는 것을 줄이기 위해 자동차 제조업체는 폐기 프,
"예정이다.바이오 기반 소재,페트병,그리고 코르크 업사",,,로세스를 내부적으로 처리해야 한다[108].친환경 복합재,
이클 등을 더욱 다양한 부품으로 확대해 나갈 예정이다.볼,,,료의 성장을 이끄는 또 다른 주요 요인은 값비싼 인공 강화,
보의 친환경 소재 전략은 순수 전기 컨셉카인 컨셉 리차지,,,재와 환경에 유해한 재료를 대체할 수 있다는 것이다. 기존,
(Concept Recharge)를 통해서도 확인할 수 있다. 컨셉 리차,,,재료가 환경 또는 인체에 바람직하지 않거나 비용이 많이,
지의 내부는 친환경 원단과 천연 소재를 활용한 경량 복합,,,드는 많은 응용 분야에서는 친환경 복합재료를 대신하여,
"소재로 채워져 있다[94,101].",,,사용하도록 조정할 수 있다[109]. 친환경 복합재료 시장의,
현대자동차그룹은1990년대 중반부터 친환경 소재 개,,,주요 동인 중 하나는 지속 가능한 재료에 대한 수요 증가이,
발을 시작해2000년대 초반부터 적극적으로 활용해 왔다.,,,다. 친환경 복합재료를 사용하면 환경에 미치는 영향과 온,
5세대 그랜저와,7세대 쏘나타의 트렁크 선반 커버에 케냐,,실가스 배출을 줄이는 데 도움이 될 수 있다. 또한 기존 재,
프를 사용한 복합재료가 대표적이다[102]. 또한 기아 자동,,,료보다 저렴하므로 높은 내구성이나 성능이 필요한 부품,
차는2014년,2세대,"‘소울EV’에 바이오 플라스틱, 사탕수수",에 대해 적용 가능한 선택지가 된다[110]. 친환경 복합재료,
바이오 섬유 등 친환경 내장재를 도입했다. 2023 EV9에 적,,,시장의 또 다른 주요 성장 동력은 혁신이다. 친환경 복합재,
"용된 친환경 소재는 재활용 소재,바이오 소재,벤젠/톨루",,,료는 이전에는 불가능했던 독특한 재료 조합을 가능하게,
"엔/자일렌(BTX, Benzene, Toluene, Xylenes)프리3가지로 분",,,하는 새로운 기술을 사용하여 만들어지는 경우가 많다. 이,
"류된다.재활용 재료에는 재활용 PET직물,스웨이드,원사,",,,는 기존 문제에 대한 혁신적인 해결책을 찾는 기업의 신제,
"펠트,플라스틱 및 어망 등을 사용한다.생체재료로는Bio",,,품에 적용될 수 있다.,
"PU, Foam, Paint 등을 포함한다. BTX 프리는 벤젠, 톨루엔,자",,,또 다른 주목할 만한 움직임은 재활용 시장이다.현재EU,
일렌을 함유하지 않은 친환경 도료이다[103].,,,전역의 재활용 시설 중10% 미만만이 수명이 다한 차량에,
포드(Ford)는Mondeo 모델의 도어 무게를,,5~10% 줄이기,나오는 플라스틱을 효율적으로 분류하고 재활용할 수 있,
위해 도어 패널에 케냐프/PP 복합재료를 사용했다[104]. 또,,,"다.유럽연합 집행위원회(EC, European commission)의 공동",
한F-150 픽업트럭의 와이어링 하네스(Wiring harness)에는,,,"연구 센터(JRC, Joint Research Center)는 새로운 차량에 재",
"왕겨를 사용하고, Flex 풀사이즈SUV (Sport utility vehicle)",,,활용 플라스틱 사용을 장려하고 차량에 내장된 플라스틱,
에는 밀짚을 사용하여 보관함(Storage bin)을 보강하였다[105].,,,의 수명 종료 관리를 개선하면 자동차 및 플라스틱 산업이,
,,,보다 순환적인 생산 시스템을 개발하는 데 도움이 될 수 있,
2.3 글로벌 시장,,,다고 보고했다. 이 평가를 바탕으로EC는,3.5톤 미만의 신
글로벌 친환경 복합재료 시장은2022년에,,276억,7천만 달,차에 대해 의무적인 재활용 함량 목표를 제안했다.이 정책
러 규모로 성장했으며 연평균15.3%로 성장하여,,2030년까,개입은2030년에 석유 사용을 최대,400만 배럴까지 줄일 수
지864억,3천만 달러에 이를 것으로 기대된다[106].그 가운,,"있을 것으로 기대된다[111,112].",
데 천연섬유 복합재료 시장은2023년부터,,2028년까지 연,,
평균5.3% 성장해,4억,"2,400만 달러에 이를 것으로 예상된",3. 결 론,
다[107]. 플라스틱을 생분해성 및 친환경적인 소재로 대체,,,,
하려는 정부의 계획은 시장 확장을 이끄는 주요 요인 중 하,,,환경에 미치는 영향을 줄일 수 있는 잠재력으로 인해 친,
"나이다. 또한, 승객 안전을 확보하고 차량을 경량화 하려는",,,환경 복합재료는 자동차 응용 분야에서 주목받고 있다. 친,
자동차 산업의 노력은 친환경 복합재료 시장 수요의 증가,,,환경 복합재료 기술은 부품의 특성과 요구 성능을 충족시,
"로 귀결된다. 자동차 산업은 연료 효율성, 중량 감소 및 소",,,키는 동시에 기존 재료를 대체해야 하는 과제를 안고 있다.,
음 감소 측면에서 우수한 성능을 가진 친환경 복합재료에,,,최근에는 천연섬유 강화 고분자 복합재료가 자동차 산업,
"대해 지속적인 관심을 기울이며 연구를 지속해왔으며,이",,,의 다양한 구조적 응용에 널리 사용되고 있다. 친환경 소재,
미 다양한 부품에 적용하고 있다. 친환경 복합재료의 주요,,,를 기반으로 한 복합재료 기술의 향상을 위해서는 다양한,
이점은 가볍고 생분해가 가능하다는 점이다.이는 제조업,,,접근 방식이 필요하다. 먼저 효율적이고 재현 가능한 원료,
체와 소비자 사이에 이러한 소재가 각광을 받는데 있어 필,,,추출 및 전처리 방법을 개발하여 높고 균일한 품질을 달성,
수적인 요소이기도 하다. 석유 기반 플라스틱은 수세기 동,,,"하는 것이 중요하다. 또한, 원료와 고분자 기지재 사이의 접",
안 분해되지 않는 물질이다. 따라서 대부분의 국가 정부에,,,착력을 향상시키기 위해 적절한 표면 처리를 개발하는 것,
122,,,,"Eunyoung Oh, Marcela María Godoy Zúniga, Jonghwan Suhr",,,,,,,,,,,
이 필수적이며 이를 통해 기계적 물성을 향상시킬 수 있다.,,,,,,,"14, pp. 363-372.",,,,,,,,
복합재료의 성능을 극대화하기 위해서는 원료의 특성을 고,,,,,,,"11. Stevens, C.V., Industrial Applications of Natural Fibres: Struc-",,,,,,,,
,,,,,,,"ture,",Properties,and,Technical,"Applications,",John,Wiley,&,
려하여 고분자 기지재의 제형을 최적화하려는 노력이 이,,,,,,,,,,,,,,,
,,,,,,,"Sons, 2010.",,,,,,,,
"루어져야 한다.복합재료는 경량화,강도 강화,내구성 향",,,,,,,"12. Verma,",D.,and,I.,"Senal,",“Natural,fiber-reinforced,polymer,
상 등의 장점을 통해 자동차의 연비 향상과 친환경 운전을,,,,,,,composites: Feasibiliy study for sustainable automotive indus-,,,,,,,,
촉진할 것으로 기대된다. 친환경 자동차 분야의 연구와 혁,,,,,,,"tries,”","Biomass,",Biopolymer-based,"Materials,",and,"Bioenergy,",,,
"신은 환경 보호와 에너지 절약을 증진하는데 중요하며, 산",,,,,,,"2019, pp. 103-122.",,,,,,,,
,,,,,,,"13. Bongarde, U. and V. Shinde, “Review on natural fiber rein-",,,,,,,,
업계와 정부 간의 협력이 필요하다. 미래 자동차 산업은 친,,,,,,,,,,,,,,,
,,,,,,,"forcement polymer composites,”",International Journal of Engi-,,,,,,,
환경 복합재료의 지속적인 개발과 도입을 통해 환경적으,,,,,,,,,,,,,,,
,,,,,,,"neering Science and Innovative Technology, 2014, 3(2), pp. 431-",,,,,,,,
로 지속가능한 미래를 향해 나아갈 것이다.,,,,,,,436,,,,,,,,
,,,,,,,"14. Bhattacharyya,","D.,",A.,"Subasinghe,",and,N.K.,"Kim,",“Natural,
후 기,,,,,,,"fibers: Their composites and flammability characterizations,”",,,,,,,,
,,,,,,,"Multifunctionality of Polymer Composites, 2015, 1(1), pp. 102-",,,,,,,,
,,,,,,,143,,,,,,,,
본 연구는 과학기술정보통신부 및 한국연구재단의 중견,,,,,,,,,,,,,,,
,,,,,,,"15. Asim, M., et al., “Potential of natural fiber/biomass filler-rein-",,,,,,,,
연구지원사업의 연구결과로 수행되었음(2022R1A2C3011968).,,,,,,,"forced polymer composites in aerospace applications,” Sustain-",,,,,,,,
,,,,,,,"able Composites for Aerospace Applications, 2018, pp. 253-268.",,,,,,,,
REFERENCES,,,,,,,16,"Saxena, M., et al., Composite Materials from Natural Resources:",,,,,,,
,,,,,,,"Recent Trends and Future Potentials, IntechOpen, 2011.",,,,,,,,
,,,,,,,"17. Feughelman, M., “Natural protein fibers,”",Journal of Applied,,,,,,,
"1. Pelegov, D.V. and J.-J. Chanaron, “Electric car market analysis",,,,,,,,,,,,,,,
,,,,,,,"Polymer Science, 2002, 83(3), pp. 489-507.",,,,,,,,
"using open data: sales, volatility assessment, and forecasting,”",,,,,,,,,,,,,,,
,,,,,,,"18. Syduzzaman, M., et al., “Plant-based natural fibre reinforced",,,,,,,,
"Sustainability, 2022, 15(1), pp. 399.",,,,,,,,,,,,,,,
,,,,,,,"composites: a review on fabrication, properties and applica-",,,,,,,,
"2. Shahzad, M., et al., “Digital twins in built environments: an",,,,,,,,,,,,,,,
,,,,,,,"tions,”","Coatings, 2020, 10(10), pp. 973.",,,,,,,
investigation,,of,the,"characteristics,","applications,",,and,chal-,,,,,,,
,,,,,,,"19. Alleman, J.E. and B.T. Mossman, “Asbestos revisited,” Scientific",,,,,,,,
"lenges”,",,"Buildings, 2022, 12(2), pp. 120.",,,,,,,,,,,,,
,,,,,,,"American, 1997, 277(1), pp. 70-75.",,,,,,,,
"3. Buberger, J., et al., “Total CO",,,,-equivalent life-cycle emissions,,,,,,,,,,,
,,,,2,,,,,,,,,,,
,,,,,,,"20. Thomas, S., et al., “Natural fibres: structure, properties and",,,,,,,,
"from commercially available passenger cars”,",,,,,,Renewable and,,,,,,,,,
,,,,,,,"applications,”",Cellulose Fibers: Bio-and Nano-Polymer Compos-,,,,,,,
"Sustainable Energy Reviews, 2022, 159, 112158.",,,,,,,,,,,,,,,
,,,,,,,"ites: Green Chemistry and Technology, 2011, pp. 3-42.",,,,,,,,
"4. Commission,",,E.,A,European,Green,Deal.,2019;,Available,,,,,,,
,,,,,,,"21. Anandjiwala,",R.D.,and,S.,"Blouw,",“Composites,from,bast,
from:,https://commission.europa.eu/strategy-and-policy/pri-,,,,,,,,,,,,,,
,,,,,,,fibres-prospects and potential in the changing market envi-,,,,,,,,
orities-2019-2024/european-green-deal/delivering-european-,,,,,,,,,,,,,,,
,,,,,,,"ronment,”","Journal of Natural Fibers, 2007, 4(2), pp. 91-109.",,,,,,,
green-deal_en.,,,,,,,,,,,,,,,
,,,,,,,"22. Kamaraj, M., E.A. Dodson, and S. Datta, “Effect of graphene",,,,,,,,
"5. Xu, L., et al., “Greenhouse gas emissions of electric vehicles in",,,,,,,,,,,,,,,
,,,,,,,"on the properties of flax fabric reinforced epoxy composites,”",,,,,,,,
"Europe considering different charging strategies,”",,,,,,,Transporta-,,,,,,,,
,,,,,,,"Advanced Composite Materials, 2020, 29(5), pp. 443-458.",,,,,,,,
"tion Research Part D: Transport and Environment, 2020, 87,",,,,,,,,,,,,,,,
,,,,,,,23,"Wang, H., et al., “Effect of jute fiber modification on mechan-",,,,,,,
102534,,,,,,,,,,,,,,,
,,,,,,,"ical properties of jute fiber composite,”","Materials, 2019, 12(8),",,,,,,,
"6. Tang, C., et al., “Assessing the European electric-mobility tran-",,,,,,,,,,,,,,,
,,,,,,,1226,,,,,,,,
sition: emissions from electric vehicle manufacturing and use,,,,,,,,,,,,,,,
,,,,,,,"24. Choudhary,","S.,",et,"al.,",“Advantages,and,applications,of,sisal
"in relation to the EU greenhouse gas emission targets,”",,,,,,,Envi-,,,,,,,,
,,,,,,,fiber reinforced hybrid polymer composites in automobiles: A,,,,,,,,
"ronmental Science & Technology,",,,,"2022, 57(1), pp. 44-52.",,,,,,,,,,,
,,,,,,,"literature review,”","Materials Today: Proceedings, 2023.",,,,,,,
"7. S. Rangarajan, S., et al., “Lithium-ion batteries—The crux of",,,,,,,,,,,,,,,
,,,,,,,"25. Awad, S., et al., “Polylactic Acid (PLA) Reinforced with Date",,,,,,,,
electric,,vehicles,with,opportunities,and,"challenges,”",Clean,,,,,,,,
,,,,,,,Palm Sheath Fiber Bio-Composites: Evaluation of Fiber Den-,,,,,,,,
"Technologies,",,"2022, 4(4), pp. 908-930.",,,,,,,,,,,,,
,,,,,,,"sity, Geometry, and Content on the Physical and Mechanical",,,,,,,,
"8. Manzetti, S. and F. Mariasiu, “Electric vehicle battery technol-",,,,,,,,,,,,,,,
,,,,,,,"Properties,”","Journal of Natural Fibers, 2023, 20(1),2143979.",,,,,,,
"ogies: From present state to future systems,”",,,,,,Renewable and,,,,,,,,,
,,,,,,,26,"Delicano, J.A., “A review on abaca fiber reinforced compos-",,,,,,,
"Sustainable Energy Reviews, 2015, 51, pp. 1004-1012.",,,,,,,,,,,,,,,
,,,,,,,"ites,”","Composite Interfaces, 2018, 25(12), pp. 1039-1066.",,,,,,,
"9. Tolouei, R. and H. Titheridge, “Vehicle mass as a determinant",,,,,,,,,,,,,,,
,,,,,,,27,"Pothan, L.A., S. Thomas, and N. Neelakantan, “Short banana",,,,,,,
of,fuel,consumption,and,secondary,safety,"performance,”",,,,,,,,,
,,,,,,,"fiber reinforced polyester composites: mechanical, failure and",,,,,,,,
"Transportation Research Part D: Transport and Environment,",,,,,,,,,,,,,,,
,,,,,,,"aging characteristics,”",Journal of Reinforced Plastics and Com-,,,,,,,
"2009, 14(6), pp. 385-399.",,,,,,,,,,,,,,,
,,,,,,,"posites,","1997, 16(8), pp. 744-765.",,,,,,,
"10. Daud, M., et al., “The effect of pineapple leaf fiber as a filler in",,,,,,,,,,,,,,,
,,,,,,,"28. Yan, L., et al., “Effect of alkali treatment on microstructure and",,,,,,,,
polymer,,matrix,composite,for,interior,part,in,"automotive,”",,,,,,,
,,,,,,,"mechanical properties of coir fibres, coir fibre reinforced-poly-",,,,,,,,
"International Journal of Nanoelectronics and Materials, 2021,",,,,,,,,,,,,,,,
,,,,Trends and Perspective for Eco-friendly Composites for Next-generation Automobiles,,,,,,,,,,,,123,,,
,mer,composites,,and,reinforced-cementitious,,,"composites,”","47. Munawar, S.S., K. Umemura, and S. Kawai, “Characterization",,,,,,,,,,
,"Construction and Building Materials, 2016, 112, pp. 168-182.",,,,,,,,,"of the morphological, physical, and mechanical properties of",,,,,,,,,
"29. Lyu,","P.,",et,"al.,",“Efficient,extraction,of,technical,fibers,from,"seven nonwood plant fiber bundles,”",,,,"Journal of Wood Science,",,,,,
,"hemp in an ethanol-water mixture,” Industrial Crops and Prod-",,,,,,,,,"2007, 53, pp. 108-113.",,,,,,,,,
,"ucts, 2022, 178, 114620.",,,,,,,,"48. Staiger, M. and N. Tucker, “Natural-fibre composites in struc-",,,,,,,,,,
"30. Wang, C., et al., “Relationship between chemical composition,",,,,,,,,,,"tural applications,”",,Properties and Performance of Natural-fibre,,,,,,,
,"crystallinity, orientation and tensile strength of kenaf fiber,”",,,,,,,,,"Composites,","2008, pp. 269-300.",,,,,,,,
,"Fibers and Polymers, 2016, 17, pp. 1757-1764.",,,,,,,,49,"Ramesh, M., K. Palanikumar, and K.H. Reddy, “Mechanical",,,,,,,,,
"31. Cesarino, I., et al., “Fabrication of pineapple leaf fibers rein-",,,,,,,,,,property evaluation of sisal–jute–glass fiber reinforced polyes-,,,,,,,,,
,"forced composites,” Pineapple Leaf Fibers: Processing, Properties",,,,,,,,,"ter composites,”","Composites Part B: Engineering, 2013, 48, pp.",,,,,,,,
,"and Applications, 2020, pp. 265-277.",,,,,,,,,1-9.,,,,,,,,,
"32. Liu, D., et al., “Bamboo fiber and its reinforced composites:",,,,,,,,,"50. Thanushan, K., et al., “Strength and durability characteristics",,,,,,,,,,
,"structure and properties,”",,,,"Cellulose, 2012, 19, pp. 1449-1480.",,,,,"of coconut fibre reinforced earth cement blocks,”",,,,,Journal of,,,,
33,"Bhattacharyya,",,,"D.,",A.,"Subasinghe,",and,N.K.,"Kim,",“Natural,"Natural Fibers, 2021, 18(6), pp. 773-788.",,,,,,,,
,"fibers: Their composites and flammability characterizations,”",,,,,,,,"51. Kumar, G.R. and V. Kesavan, “Study of structural properties",,,,,,,,,,
,"Multifunctionality of Polymer Composites, 2015, pp. 102-143.",,,,,,,,,evaluation,on,coconut,fiber,ash,mixed,"concrete,”",Materials,,
"34. Zimmermann, T., E. Pöhler, and T. Geiger, “Cellulose fibrils",,,,,,,,,,"Today: Proceedings, 2020, 22, pp. 811-816.",,,,,,,,,
,"for polymer reinforcement,”",,,,"Advanced Engineering Materials,",,,,"52. Ahmad, J., et al., “Mechanical and durability characteristics of",,,,,,,,,,
,"2004, 6(9), pp. 754-761.",,,,,,,,,sustainable coconut fibers reinforced concrete with incorpo-,,,,,,,,,
"35. Li,","Y.,",et,"al.,",“Preparation,and,characterization,,of,cellulose,ration,of,marble,"powder,”",Materials,Research,"Express,","2021,",,
,nanofibers,,from,partly,mercerized,cotton,by,mixed,acid,"8(7), 075505.",,,,,,,,,
,"hydrolysis,”",,"Cellulose, 2014, 21, pp. 301-309.",,,,,,53,"Hasan,","K.F.,",P.G.,"Horváth,",and,T.,"Alpár,",“Potential,natural,
"36. Atalla, R., et al., “Hemicelluloses as structure regulators in the",,,,,,,,,,"fiber polymeric nanobiocomposites: A review,”",,,,,"Polymers, 2020,",,,,
,"aggregation of native cellulose,”",,,,International Journal of Biological,,,,,"12(5), 1072.",,,,,,,,,
,"Macromolecules, 1993, 15(2), pp. 109-112.",,,,,,,,"54. Wakelyn, P.J., et al., Cotton Fiber Chemistry and Technology,",,,,,,,,,,
"37. Thielemans, W., et al., “Novel applications of lignin in com-",,,,,,,,,,"CRC Press, 2006.",,,,,,,,,
,posite,"materials,”",,Journal,of,Applied,Polymer,"Science,","2002,","55. Sinha, M.K., “A review of processing technology for the util-",,,,,,,,,
,"83(2), pp. 323-331.",,,,,,,,,"isation of agro-waste fibres,”",,,"Agricultural Wastes, 1982, 4(6),",,,,,,
"38. Faruk, O., et al., “Biocomposites reinforced with natural fibers:",,,,,,,,,,pp. 461-475.,,,,,,,,,
,"2000-2010,”",,Progress,in,Polymer,"Science,","2012,","37(11),",pp.,"56. Dunne, R., et al., “A review of natural fibres, their sustainability",,,,,,,,,
,1552-1596.,,,,,,,,,"and automotive applications,” Journal of Reinforced Plastics and",,,,,,,,,
"39. Alshgari, R.A., et al., “Investigation on physical and mechan-",,,,,,,,,,"Composites, 2016, 35(13), pp. 1041-1050.",,,,,,,,,
,ical properties of abaca fiber composites using filament wind-,,,,,,,,57,"Venkateshwaran, N. and A. Elayaperumal, “Banana fiber rein-",,,,,,,,,
,"ing,”","Advances in Polymer Technology, 2022.",,,,,,,,forced,polymer,composites-a,"review,”",Journal,of,Reinforced,,,
40,"RW, K., “New strategies for exploiting flax and hemp,”",,,,,,,"Chemtec,",,"Plastics and Composites, 2010, 29(15), pp. 2387-2396.",,,,,,,,,
,"1996, 26, pp. 34-42.",,,,,,,,"58. Adeniyi,",,"A.G.,",J.O.,"Ighalo,",and,D.V.,"Onifade,",“Banana,and,
"41. Sharma, H. and C. Van Sumere, Biology and Processing of",,,,,,,,,,"plantain fiber-reinforced polymer composites,” Journal of Poly-",,,,,,,,,
,"Flax, M Publications, 1992.",,,,,,,,,"mer Engineering, 2019, 39(7), pp. 597-611.",,,,,,,,,
"42. Acha, B.A., N.E. Marcovich, and M.M. Reboredo, “Physical",,,,,,,,,"59. Mousavi, S.R., et al., “Mechanical properties of bamboo fiber-",,,,,,,,,,
,and,mechanical,,characterization,,of,jute,fabric,"composites,”",reinforced polymer composites: a review of recent case stud-,,,,,,,,,
,"Journal of Applied Polymer Science, 2005, 98(2), pp. 639-650.",,,,,,,,,"ies,”","Journal of Materials Science, 2022, 57(5), pp. 3143-3167.",,,,,,,,
"43. Summerscales, J., et al., “A review of bast fibres and their com-",,,,,,,,,"60. Lokesh, P., et al., “A study on mechanical properties of bamboo",,,,,,,,,,
,"posites. Part 1–Fibres as reinforcements,”",,,,,,Composites Part A:,,,"fiber reinforced polymer composite,” Materials Today: Proceed-",,,,,,,,,
,Applied,Science,,and,"Manufacturing,","2010,","41(10),",pp.,1329-,"ings, 2020, 22, pp. 897-903.",,,,,,,,,
,1335,,,,,,,,"61. Ayrilmis, N., et al., “Coir fiber reinforced polypropylene com-",,,,,,,,,,
"44. Kandachar, P. and R. Brouwer, Applications of Bio-composites",,,,,,,,,,"posite panel for automotive interior applications,”",,,,,Fibers and,,,,
,"in Industrial Products,",,,"MRS Online Proceedings Library, 2001,",,,,,,"Polymers,","2011, 12, pp. 919-926.",,,,,,,,
,"702, pp. 1-12.",,,,,,,,"62. Alsaeed, T., B. Yousif, and H. Ku, “The potential of using date",,,,,,,,,,
"45. Zampaloni, M., et al., “Kenaf natural fiber reinforced polypro-",,,,,,,,,,"palm fibres as reinforcement for polymeric composites,” Mate-",,,,,,,,,
,pylene composites: A discussion on manufacturing problems,,,,,,,,,"rials & Design, 2013, 43, pp. 177-184.",,,,,,,,,
,"and solutions,”",,,Composites Part A: Applied Science and Man-,,,,,"63. Zhu,","J.,",et,"al.,",“Recent,development,of,flax,fibres,and,their
,"ufacturing, 2007, 38(6), pp. 1569-1580.",,,,,,,,,"reinforced composites based on different polymeric matrices,”",,,,,,,,,
"46. Nam, S. and A.N. Netravali, “Green composites. I. Physical",,,,,,,,,,"Materials, 2013, 6(11), pp. 5171-5198.",,,,,,,,,
,properties,,of,ramie,fibers,for,environment-friendly,,green,"64. Manaia, J.P., A.T. Manaia, and L. Rodriges, “Industrial hemp",,,,,,,,,
,"composites,”",,"Fibers and Polymers, 2006, 7, pp. 372-379.",,,,,,,"fibers: An overview,”",,"Fibers, 2019, 7(12), 106.",,,,,,,
124,,,,,,,,"Eunyoung Oh, Marcela María Godoy Zúniga, Jonghwan Suhr",,,,,,,,,,,,
"65. Thygesen, A., “Properties of hemp fibre polymer composites-",,,,,,,,,,,"81. Oh,","E.,",et,"al.,",“Synthesis,and,characterization,of,bamboo,
,An,optimisation,,of,fibre,properties,,,using,novel,defibration,employed environmentally friendly cellulose nanofibrils rein-,,,,,,,,
,"methods and fibre characterisation,” Risø National Laboratory,",,,,,,,,,,,forced natural rubber composites with uncompromised mechan-,,,,,,,,
,2006,,,,,,,,,,,"ical properties,”",Advanced,Composite,"Materials,","2024,","33(1),",,,
"66. Khalil, H.A., et al., “Cell wall ultrastructure, anatomy, lignin",,,,,,,,,,,,pp. 120-133.,,,,,,,,
,"distribution,",,and,chemical,,,composition,,of,Malaysian,culti-,"82. Kumar, S. and R. Bharj, “Emerging composite material use in",,,,,,,,
,"vated kenaf fiber,”",,,"Industrial Crops and Products, 2010, 31(1),",,,,,,,,"current electric vehicle: a review,”",Materials Today: Proceed-,,,,,,,
,pp. 113-121.,,,,,,,,,,,"ings, 2018, 5(14), pp. 27946-27954.",,,,,,,,
"67. Mahjoub, R., et al., “Tensile properties of kenaf fiber due to",,,,,,,,,,,83,"Garrow,","L.A.,",B.J.,"German,",and,C.E.,"Leonard,",“Urban,air
,various,conditions,,of,,chemical,,fiber,surface,"modifications,”",,mobility: A comprehensive review and comparative analysis,,,,,,,,
,"Construction and Building Materials, 2014, 55, pp. 103-113.",,,,,,,,,,,with,autonomous,and,electric,ground,transportation,for,,
"68. Zin, M., et al., “The effects of alkali treatment on the mechan-",,,,,,,,,,,,informing,future,"research,”",Transportation,Research,Part,C:,,
,ical and chemical properties of pineapple leaf fibres (PALF),,,,,,,,,,,"Emerging Technologies, 2021, 132, pp. 103377.",,,,,,,,
,"and adhesion to epoxy resin,”",,,,,,IOP Conference Series: Materials,,,,"84. Group, M.-B., Sustainability Report 2022, 2022.",,,,,,,,,
,"Science and Engineering. IOP Publishing, 2018.",,,,,,,,,,"85. AG, P., Annual and Sustainability Report 2022 of Porsche AG.",,,,,,,,,
"69. Saha, A., S. Kumar, and A. Kumar, “Influence of pineapple leaf",,,,,,,,,,,,"2023, Porsche AG.",,,,,,,,
,"particulate on mechanical, thermal and biodegradation char-",,,,,,,,,,"86. Company, F.M., Integrated Sustainability and Financial Report",,,,,,,,,
,acteristics of pineapple leaf fiber reinforced polymer compos-,,,,,,,,,,,"2023, 2022, Ford Motor Company.",,,,,,,,
,"ite,”","Journal of Polymer Research, 2021, 28, pp. 1-23.",,,,,,,,,"87. Group,","H.M.,",2023,Sustainability,Report.,"2023,",Hyundai,,,
"70. Kim,",,J.T.,and,A.N.,"Netravali,",,“Mercerization,,,of,sisal,fibers:,Motors Group.,,,,,,,
,effect of tension on mechanical properties of sisal fiber and,,,,,,,,,,"88. Co., T.M., Sustainability Data Book, Toyota Motor Co, 2023.",,,,,,,,,
,"fiber-reinforced composites,”",,,,,,Composites Part A: Applied Sci-,,,,"89. Wang, F., et al., “Technologies and perspectives for achieving",,,,,,,,,
,"ence and Manufacturing, 2010, 41(9), pp. 1245-1252.",,,,,,,,,,,"carbon neutrality,”","The Innovation, 2021, 2(4).",,,,,,,
"71. Kurien, R.A., et al., “A comprehensive review on the mechan-",,,,,,,,,,,"90. Bieker, G., “A global comparison of the life-cycle greenhouse",,,,,,,,,
,"ical, physical, and thermal properties of abaca fibre for their",,,,,,,,,,,gas,emissions,of,combustion,engine,and,electric,passenger,
,introduction,,into,structural,,,polymer,,"composites,”","Cellulose,",,"cars,”","Communications, 2021, 49(30), pp. 847129-102.",,,,,,,
,"2023, 30(14), pp. 8643-8664.",,,,,,,,,,91,"Koronis, G. and A. Silva, Green Composites for Automotive",,,,,,,,
72,"Bunsell, A.R., Handbook of Properties of Textile and Technical",,,,,,,,,,,"Applications, Woodhead Publishing, 2018.",,,,,,,,
,"Fibres, Woodhead Publishing, 2018.",,,,,,,,,,92. Long way to recycling plastics in the automotive industry. 2020,,,,,,,,,
"73. Fangueiro, R. and S. Rana, Natural Fibres: Advances in Science",,,,,,,,,,,,[cited,2020,April,10];,Available,from:,https://knaufautomo-,,
,and,Technolog y,,Towards,,,Industrial,,"Applications,","Edited,",,tive.com/recycled-plastics-in-the-automotive-industry/.,,,,,,,,
,"Springer, 2016.",,,,,,,,,,"93. Group, M.-B. VISION EQXX: The new benchmark of effi-",,,,,,,,,
74,"Kenneth G. Budinski, M.K.B., Engineering Materials: Properties",,,,,,,,,,,ciency.,2022,[cited,2022;,Available,from:,https://www.mer-,,
,"and Selection, Prentice Hall, 2002.",,,,,,,,,,,cedes-benz.com/en/innovation/concept-cars/vision-eqxx-the-,,,,,,,,
"75. Gholampour, A. and T. Ozbakkaloglu, “A review of natural",,,,,,,,,,,,new-benchmark-of-effiency/.,,,,,,,,
,fiber,composites:,,"Properties,",,,modification,,,and,processing,"94. Mohammed, L., et al., “A review on natural fiber reinforced",,,,,,,,
,"techniques, characterization, applications,” Journal of Materials",,,,,,,,,,,"polymer composite and its applications,”",International Journal,,,,,,,
,"Science, 2020, 55(3), pp. 829-892.",,,,,,,,,,,"of Polymer Science, 2015, Vol. 2015, 243947.",,,,,,,,
"76. Kalia, S., B. Kaith, and I. Kaur, Cellulose Fibers: Bio-and Nano-",,,,,,,,,,,"95. Chauhan, V., T. Kärki, and J. Varis, “Review of natural fiber-",,,,,,,,,
,"polymer Composites: Green Chemistry and Technology, Springer",,,,,,,,,,,"reinforced engineering plastic composites, their applications in",,,,,,,,
,"Science & Business Media, 2011.",,,,,,,,,,,"the transportation sector and processing techniques,”",Journal,,,,,,,
"77. Bilba, K. and M.-A. Arsene, “Silane treatment of bagasse fiber",,,,,,,,,,,,"of Thermoplastic Composite Materials, 2022, 35(8), pp. 1169-",,,,,,,,
,for,reinforcement,,of,,cementitious,,,"composites,”",Composites,,1209,,,,,,,,
,"Part A: Applied Science and Manufacturing, 2008, 39(9), pp.",,,,,,,,,,96. The BMW i8 – Ushering in a New Era of Sustainable Perfor-,,,,,,,,,
,1488-1495.,,,,,,,,,,,"mancePriced from $135,700 in the US. 2013 [cited 2013 Sep-",,,,,,,,
"78. Ferreira, D.P., J. Cruz, and R. Fangueiro, “Surface modification",,,,,,,,,,,,tember,10];,Available,from:,https://www.bmwusanews.com/,,,,
,"of natural fibers in polymer composites,”",,,,,,,,Green Composites for,,,newsrelease.do?id=1831&mid=246.,,,,,,,,
,"Automotive Applications, 2019, pp. 3-41.",,,,,,,,,,"97. Driver, C.a. BMW i Vision Circular Concept Is the 100% Recy-",,,,,,,,,
79,"Yang,","S.B.,",D.,"Lee,",Y.,"Lee,",and,D.J.,"Kwon,",“Comparison,of,clable Compact Car of 2040. 2021 [cited 2021 September 06];,,,,,,,,
,Resin Impregnation and Mechanical Properties of Composites,,,,,,,,,,,Available from: https://www.caranddriver.com/news/a37484821/,,,,,,,,
,"Based on Fiber Plasma Treatment,” Composites Research, 2023,",,,,,,,,,,,bmw-i-vision-circular-concept-revealed/.,,,,,,,,
,"36(6), pp. 388-394.",,,,,,,,,,"98. Group, B. The BMW i Vision Circular. 2021 [cited 2021 Sep-",,,,,,,,,
"80. George,",,"M.,",P.G.,"Mussone,",,,and,D.C.,"Bressler,",“Surface,and,tember,06];,Available,from:,https://www.press.bmwgroup.com/,,,,
,"thermal characterization of natural fibres treated with enzymes,”",,,,,,,,,,,global/article/detail/T0341253EN/the-bmw-i-vision-circular?,,,,,,,,
,"Industrial Crops and Products, 2014, 53, pp. 365-373.",,,,,,,,,,,language=en.,,,,,,,,
,,,Trends and Perspective for Eco-friendly Composites for Next-generation Automobiles,,,,,,,,,,,125,,,
99,Bcomp. Mercedes-AMG GT4 race cars with natural fibre com-,,,,,,"106. Research, V.M. Bio-Composites Market. 2023 [cited 2023 January",,,,,,,,,,
,posite bumpers. 2022 [cited 2022 March 31]; Available from:,,,,,,,06]; Available from: https://www.vantagemarketresearch.com/,,,,,,,,,
,https://www.bcomp.ch/wp-content/uploads/2022/02/220331_,,,,,,,industry-report/biocomposites-market-1965.,,,,,,,,,
,Bcomp-Mercedes-AMG-GT4-bumper-Final_en.pdf.,,,,,,107. Natural,,,Fiber,Composites,Market,-,By,Type,(Wood,Fiber
"100. Zhao, D. and Z. Zhou, “Applications of lightweight composites",,,,,,,,"Composites, Hemp Fiber Composites, Flax Fiber Composites,",,,,,,,,,
,"in automotive industries,”",,Lightweight Materials from Biopoly-,,,,,Jute,Fiber,"Composites),",,By,Matrix,(Inorganic,"Compound,",,
,"mers and Biofibers, 2014, pp. 143-158.",,,,,,,"Natural Polymer, Synthetic Polymer), By End-use & Forecast,",,,,,,,,,
101. Volvo.,Sustainability.,,2023,[cited,2023;,Available,from:,https://,2023,–,2032,2023;,Available,from:,https://www.gminsights.,,
,www.volvocars.com/intl/v/sustainability/climate-action.,,,,,,,com/industry-analysis/natural-fiber-composites-market.,,,,,,,,,
"102. Dong-A Ilbo,",,"Vegetable leather, Waste battery recycling, Hyun-",,,,,108,"Theissler, A., et al., “Predictive maintenance enabled by machine",,,,,,,,,
,dai,Motor,Company,builds,an,eco-friendly,"ecosystem,",2022,"learning: Use cases and challenges in the automotive industry,”",,,,,,,,
,[cited 2022 April 6]; Available from: https://www.donga. com/,,,,,,,"Reliability Engineering & System Safety, 2021, 215, 107864.",,,,,,,,,
,news/Economy/article/all/20220406/112714754/1.,,,,,,"109. Manu, T., et al., “Biocomposites: A review of materials and",,,,,,,,,,
"103. H.M. Group,",,"The Kia EV9, 2023 [cited 2024 Mar. 04]; Available",,,,,,"perception,”",,"Materials Today Communications, 2022, 31, 103308.",,,,,,,
,from:,https://www.kia.com/content/dam/kwp/kr/ko/vehicles/pdf/,,,,,"110. (IEA),",,"I.E.A.,",,CO2,Emissions,in,"2022,","2023,",International,
,en_brochure/en_catalog_ev9.pdf.,,,,,,,Energy Agency (IEA).,,,,,,,,,
104. Autoevolution. 2014 Ford F-150 Becomes More Eco-Friendly,,,,,,,"111. Maury, T., et al., “Towards recycled plastic content targets in",,,,,,,,,,
,with,Rice,Hull-Reinforced,Plastic.,2013,[cited,2013,August,"new passenger cars and light commercial vehicles,” Publica-",,,,,,,,
,07];,Available,from:,https://www.autoevolution.com/news/,,,,"tions Office of the European Union: Luxembourg, 2023.",,,,,,,,,
,2014-ford-f-150-becomes-more-eco-friendly-with-rice-hull-rein-,,,,,,112. JRC. Innovative requirements could boost circular economy of,,,,,,,,,,
,forced-plastic-64620.html.,,,,,,,plastics and critical raw materials in vehicles. 2023 [cited 2023,,,,,,,,,
105. Motortrend. Wheat Deal: Ford Uses Wheat Straw-Reinforced,,,,,,,,July 13]; Available from: https://joint-research-centre.ec.europa.eu/,,,,,,,,,
,Plastic in 2010 Flex Storage Bins. 2009 [cited 2009 November,,,,,,,jrc-news-and-updates/innovative-requirements-could-boost-,,,,,,,,,
,12];,Available,from:,https://www.motortrend.com/news/wheat-,,,,circular-economy-plastics-and-critical-raw-materials-vehicles-,,,,,,,,,
,deal-ford-uses-wheat-strawreinforced-plastic-in-2010-flex-storage-,,,,,,,2023-07-13_en.,,,,,,,,,
,bins-5897/.,,,,,,,,,,,,,,,,
