"4, 213-219 (2020)Vol.33, No.",,,,,,,,,
DOI: http://dx.doi.org/10.7234/composres.2020.33.4.213,,,,,,,,,
"ISSN 2288-2103(Print), ISSN 2288-2111(Online)  ",,,,,,,,,
Paper,,,,,,,,,
移쒗솚寃??뚯옱瑜?泥④???泥쒖뿰?ъ쑀 蹂듯빀?ъ쓽 ?쒖“ 諛?湲곌퀎??臾쇱꽦 ?됯? ?곌뎄,,,,,,,,,
源?ъ쿋* 쨌 ?대룞??,,,,,,,,,
??,,,,,,,,,
** 쨌 ?꾨씪諛붿뭅** 쨌 ?≪젙??,,,,,,,,,
A Study on the Fabrication and Mechanical Properties Evaluation of ,,,,,,,,,
Natural Fiber Composites added Eco-friendly Materials,,,,,,,,,
"Jae-Cheol Kim*, Dong-Woo Lee**, M.N. Prabhakar",,,,,,,,,
??,,,,,,,,,
"**, Jung-Il Song*",,,,,,,,,
ABSTRACT: ,,,,,,,,,
"Recently, global facing environmental issues have been raised caused by plastic waste. Hence, increasing",,,,,,,,,
"thedemandforinterestinenvironmentallyfriendlymaterials.Inthisresearchonengineeringcompositerow,",,,,,,,,,
"materials also replacing the synthetic reinforcement by introducing natural fibers. However, focus on the strength and",,,,,,,,,
"interfacialadhesionbetweenmatrixandreinforcementisveryessentialnaturalfibercomposite,whichisin",,,,,,,,,
insufficientintheliterature.Therearenumberofapproachesforimprovingthemechanicalstrengthofthe,,,,,,,,,
"composites, one of the common methods is to reinforce additive nanoparticles. The present investigation, bio-additives",,,,,,,,,
"were synthesized utilizing bio-waste, cheap, bio-degradable sea-weed powder that could replace expensive nanomaterials",,,,,,,,,
and reinforced into the CFRP composite through Hand lay-up followed by a vacuum process. Mechanical properties,,,,,,,,,
were evaluated and analyzed through microanalysis. The results concluded that synthesized additives are effective for,,,,,,,,,
"improving mechanical properties such as tensile, flexural, impact, and shear strength. Overall, the results confirmed",,,,,,,,,
that the fabricated composites have potential applications in the field of engineering applications.,,,,,,,,,
珥덈줉: ,,,,,,,,,
理쒓렐 ?뚮씪?ㅽ떛 ?먭린臾쇰줈 ?명븳 ?섍꼍 臾몄젣媛 ?댁뒋?붾릺硫댁꽌 移쒗솚寃??뚯옱?????愿?ъ씠 ?먯젏 利앷??섍퀬 ?덉쑝,,,,,,,,,
硫? ?댁뿉 ?곕씪 泥쒖뿰?ъ쑀瑜??쒖슜??蹂듯빀?ъ쓽 ?곌뎄媛 吏?띿쟻?쇰줈 ?대（?댁?怨??덉?留?移쒗솚寃?蹂듯빀?ъ쓽 媛뺣룄??怨꾨㈃,,,,,,,,,
?묒갑?μ뿉 ????곌뎄媛 留롮씠 遺議깊븳 ?ㅼ젙?대떎. 蹂듯빀?щ즺??媛뺣룄??怨꾨㈃ ?묒갑?μ쓣 ?μ긽?쒗궎??諛⑸쾿??以???媛吏 諛?,,,,,,,,,
踰뺤? ?섎끂 ?낆옄瑜?泥④??섏뿬 湲곌퀎??臾쇱꽦???μ긽?쒗궎??諛⑸쾿???덈떎. 蹂??곌뎄?먯꽌??湲곗〈???ъ슜?섎뒗 怨좉????섎끂,,,,,,,,,
"?뚯옱瑜??泥댄븷 ???덈뒗 移쒗솚寃쎌쟻?대㈃??寃쎌젣?곸씤 泥쒖뿰?ъ쑀瑜??댁큹濡쒕???異붿텧?섏뿬 泥④??쒕? ?쒖“?섍퀬, 蹂듯빀?щ즺",,,,,,,,,
"???쒖“ 諛?湲곌퀎???뱀꽦?됯?瑜??섑뻾?섏??? ?쒗뿕寃곌낵 ?쒖“??泥④??쒓? 蹂듯빀?щ즺???몄옣, 援쏀옒, 異⑷꺽 ?깆쓽 臾쇱꽦 ??
?곸뿉 ?④낵媛 ?덉쓣 肉먮쭔 ?꾨땲??移쒗솚寃쎌꽦怨?寃쎌젣?깅룄 媛吏怨??덉뼱 ?꾩냽?곌뎄瑜??듯빐 ?ㅼ뼇??遺꾩빞???곸슜?????덉쓣
寃껋씠??湲곕??쒕떎. """,,,,,,,,,
Key Words: ,,,,,,,,,
"?댁큹(Seaweed), ?猷곕줈?ㅼ뒪 ?섎끂 ?ъ쑀(Cellulose Nano Fiber), 泥쒖뿰?ъ쑀 蹂듯빀?щ즺(Natural fiber composite",,,,,,,,,
"materials), 湲곌퀎??臾쇱꽦(Mechanical Property)",,,,,,,,,
寃?臾몄젣媛 ?먯젏 ?ш컖?댁?怨??덈떎. ?뚮씪?ㅽ떛? 遺꾪빐?섎뒗??. ?쒕줎,,,,,,,,,
"?섎쭖? ?쒓컙???뚯슂?섎ŉ, 遺꾨쪟媛 ?쒕?濡??섏? ?딅뒗?ㅻ㈃ ??
?쒖슜???섎뱺 ?ㅼ젙?대떎. ?먰븳 ?뚮씪?ㅽ떛 ?먭린臾쇰줈 ?명븯???숇ℓ??諛쒖깮?섎뒗 ?꾩껌???묒쓽 ?뚮씪?ㅽ떛 ?먭린臾쇰줈 ?명븳 ??
Received 25 March 2020", received in revised from 3 August 2020," accepted 4 August 2020""",,,,,,,
"*Department of Mechanical Engineering, Changwon National University, Changwon 51140, Korea ",,,,,,,,,
??,,,,,,,,,
"*Department of Mechanical Engineering, Changwon National University, Changwon Korea, Corresponding author (E-mail: jisong@changwon.ac.kr)",,,,,,,,,
"**The Research Institute of Mechatronics, Changwon National University, Changwon 51140, Korea ",,,,,,,,,
"214Jae-Cheol Kim, Dong-Woo Lee, M.N. Prabhakar, Jung-Il Song",,,,,,,,,
?앸Ъ???앺깭怨꾧? ?꾪삊諛쏄퀬 ?덈떎. ?먭린???뚮씪?ㅽ떛? ?먯뿰?쇨린???⑹븸???꾩슂?섎떎. ?곕씪??蹂??곌뎄?먯꽌??媛뺥븳 ?쇨린,,,,,,,,,
"?곹깭?먯꽌 留덉씠?щ줈 ?뚮씪?ㅽ떛(Micro Plastic)?쇰줈 遺꾪빐?섎ŉ,???⑹븸???섏궛?붾굹?몃ⅷ(NaOH)瑜??ъ슜?섏뿬 ?猷곕줈?ㅼ뒪瑜?
異붿텧?섍퀬???섏??? ?섏궛?붾굹?몃ⅷ? 臾쇱뿉 ?⑺빐??Na+? OH-?대? ?뚮옉?ы넠????랬??癒뱀씠?ъ뒳???곕씪 理쒖쥌?곸쑝濡???
媛꾩씠 ??랬?섍쾶 ?섏뼱 ?몄껜??嫄닿컯???꾪삊??寃껋쑝濡??덉긽?섎줈 ?섎늻?댁?硫댁꽌 ?쇨린???⑹븸?쇰줈 蹂?쒕떎. 利앸쪟?섏뿉 ?섏궛
怨??덈떎[1-3]. ?대윭??留덉씠?щ줈?뚮씪?ㅽ떛??諛쒖깮??以꾩씠湲?wt%???⑸웾留뚰겮 ?ｌ? ?????⑺빐?쒗궎怨? ?쒗솕?섑듃瑜⑥쓣 5""",,,,,,,,,
?꾪빐 ?ㅼ뼇???곌뎄媛 吏꾪뻾以묒씠硫? ?댁쨷 媛???좎삤瑜닿퀬 ?덈뒗,諛깊븳 ?댁큹瑜??ｊ퀬 8?쒓컙 ?숈븞 ?볦뿬 ?ъ쑀??Cellulose)瑜?異?,,,,,,,,
諛⑸쾿 以??섎굹???앸텇?댁꽦???덈뒗 移쒗솚寃??섏? 諛?移쒗솚寃?蹂?異쒗븯??? 媛??以묒뿉 ?쇨린???⑹븸???섑빐 ?댁큹???덈뜕 由ш렇,,,,,,,,,
?⑹옱猷뚮? 媛쒕컻?섎뒗 寃껋씠??4]. 洹몃윭??移쒗솚寃??뚯옱??泥쒖뿰,"?? ?숉떞 ?깆씠 遺꾨━?섏뼱 ?猷곕줈?ㅼ뒪瑜??살뿀?쇰ŉ, 異붿텧???",,,,,,,,
"?ъ쑀???ㅻⅨ ?꾩냼?ъ쑀, ?좊━?ъ쑀, 耳釉붾씪?ъ쑀 ?깆뿉 鍮꾪븯??,猷곕줈?ㅼ뒪???섏냼 ?댁삩 ?띾룄 吏??pH)瑜?以묒꽦?쇰줈 留욎텛湲?
湲곌퀎??媛뺣룄媛 ?⑥뼱吏怨? 移쒖닔?깆쑝濡??명빐 ?뚯닔?깆쓣 吏??",?꾪빐 源⑤걮??利앸쪟?섎줈 3~4踰??댁긽 諛섎났 ?몄쿃 ?묒뾽??吏꾪뻾,,,,,,,,
?섏????怨꾨㈃?묒갑 媛뺣룄媛 ?⑥뼱??媛뺣룄媛 ?쏀빐 ?ㅼ뼇??遺??덈떎. 諛섎났 ?몄쿃 ?묒뾽?먯꽌 異붿텧???猷곕줈?ㅼ뒪瑜??꾪꽣留곹븯,,,,,,,,,
?쇱뿉 ?쒖슜?섍린媛 ?대졄?ㅻ뒗 ?⑥젏???덉쑝硫? ?대? ?닿껐?섍린,湲??꾪빐??吏꾧났 ?꾪꽣留??λ퉬瑜??ъ슜?섏??? ?꾪꽣???좊━??,,,,,,,,
?꾪븯???ㅼ뼇???곌뎄媛 吏꾪뻾?섏뼱?붾떎.,"?좊줈 ?쒖옉?섏뼱 쨉m???⑥쐞源뚯? ?꾪꽣留곸씠 媛?ν븯硫? 吏꾧났??
泥쒖뿰?ъ쑀 蹂듯빀?щ즺??湲곌퀎??臾쇱꽦???μ긽?쒗궎湲??꾪븳 ?????댁슜?섏뿬 蹂대떎 鍮좊Ⅴ寃??댁큹 ?猷곕줈?ㅼ뒪瑜?異붿텧??????
??媛吏 諛⑸쾿 以??섎굹濡??꾩냼?섎끂?쒕툕(CNT)","洹몃옒?""",?덈떎. 以묓솕 ?묒뾽怨??꾪꽣留곸쓣 紐⑤몢 嫄곗튇 ?댁큹 ?猷곕줈?ㅼ뒪??,,,,,,
"(Graphene),?섎끂?猷곕줈?ㅼ뒪?ъ쑀(Cellulose Nano Fiber,",?먰깂?ъ뿉 遺꾩궛?쒗궓 ??吏꾧났 ?ㅻ툙???듯빐 嫄댁“?섏뿬 理쒖쥌??,,,,,,,,
CNF)?깃낵 媛숈? ?섎끂 泥④???additive)瑜??ъ쑀?쒕㈃??寃고빀,?쇰줈 ?댁큹 ?猷곕줈?ㅼ뒪 泥④??쒖쓽 異붿텧???꾨즺?섏??? Fig. 1,,,,,,,,
?쒖폒 ?섏?????묒큺 ?쒕㈃?곸쓣 ?볧옒?쇰줈???ъ쑀? ?섏?媛?? ?댁큹濡쒕????猷곕줈?ㅼ뒪瑜?異붿텧?섎뒗 怨쇱젙???ъ쭊?쇰줈 ??,,,,,,,,,
"??怨꾨㈃?묒갑?μ쓣 ?μ긽?쒗궎???곌뎄媛 ?덉뿀吏留?5], ?섎끂 泥?,???寃껋씠硫? Fig. 2???댁큹?먯꽌 ?猷곕줈?ㅼ뒪瑜?異붿텧?섍린 ??",,,,,,,,,
媛?쒖쓽 鍮꾩슜 痢〓㈃?먯꽌 寃쎌젣?깆씠 ?⑥뼱吏꾨떎??臾몄젣?먯씠 ?덈떎.,怨??꾨? 鍮꾧탳??寃껋씠?? ,,,,,,,,
?곕씪??蹂??곌뎄?먯꽌??湲곗〈 ?ъ슜?섎뒗 怨좉????섎끂 泥④?,,,,,,,,,
?쒕? ?泥댄븷 移쒗솚寃??뚯옱瑜?泥쒖뿰?뚯옱???댁큹(Sea weed)濡?,,,,,,,,,
"遺??異붿텧?섎뒗 諛⑸쾿???쒖븞?섍퀬, ?대? 泥④??쒕줈 ?쒖슜?섏뿬",,,,,,,,,
湲곌퀎??臾쇱꽦???μ긽??泥쒖뿰?ъ쑀 蹂듯빀?щ즺瑜??쒖“?섏???,,,,,,,,,
洹???異붿텧??泥④??쒓? 湲곌퀎??臾쇱꽦??誘몄튂???곹뼢???됯?,,,,,,,,,
"?섍린 ?꾪븯???몄옣, ?뺤텞, ?숈텛 異⑷꺽 ???ㅼ뼇???쒗뿕???섑뻾",,,,,,,,,
"?섍퀬 洹??곹뼢??寃?좏븿?쇰줈?? 理쒖쥌?곸쑝濡??댁큹濡쒕???異?,
異쒗븳 ?섎끂?ъ쑀??移쒗솚寃??뚯옱 諛?蹂듯빀?щ즺 遺꾩빞???????
?⑷??μ꽦???뚯븘蹂닿퀬???섏???,
2. ?곌뎄 諛⑸쾿,
2.1 ?섎끂?ъ쑀??異붿텧,
泥쒖뿰?뚯옱???댁큹濡쒕????猷곕줈?ㅼ뒪瑜?異붿텧?⑥쑝濡쒖뜥 泥?
媛?쒕? ?쒖“?섍린 ?꾪븳 ?곌뎄瑜??섑뻾?섏??? ?ъ슜???댁큹??
?쒖쨷?먯꽌 ?쎄쾶 援ы븷 ???덈뒗 泥쒖뿰?щ즺濡? 泥쒖뿰 ?댁큹瑜??쇨킅""",,,,,,,,,
嫄댁“瑜??듯빐 嫄댁“???곕춪媛?щ━瑜??ъ슜?섏??? 癒쇱? ,,,,,,,,,
,The extraction process of seaweed celluloseFig. 1. ,,,,,,,,
?댁큹,,,,,,,,,
???덈뒗 遺덉닚臾쇱쓣 ?쒓굅?섍린 ?꾪빐 源⑤걮??利앸쪟?섏뿉 遺덈┛ ??,,,,,,,,,
?볥뒗 臾쇱뿉 異⑸텇??媛??諛??몄쿃?⑥쑝濡쒖뜥 遺덉닚臾쇱쓣 ?꾩쟾??,,,,,,,,,
?쒓굅?쒕떎. 遺덉닚臾??쒓굅瑜?留덉튇 ?댁큹?먯꽌 ?猷곕줈?ㅼ뒪瑜?異?,,,,,,,,,
異쒗븯湲??꾩뿉 ?댁큹 蹂몄뿰???됱쓣 ?쒓굅?섍린 ?꾪빐???곗냼怨???,,,,,,,,,
諛깆젣(Oxygen Bleaching)???ъ슜?섏뿬 ?쒕갚 ?묒뾽??吏꾪뻾?섏?,,,,,,,,,
?? ?쇱냼怨??쒕갚??Chlorine Bleach)???ъ슜?????쒕갚?쒖뿉,,,,,,,,,
???쇱냼?깅텇??諛쒖깮?섎㈃???ъ쑀瑜??먯긽?쒗궗 ???덇린 ?뚮Ц,,,,,,,,,
???ъ슜?섏? ?딆븯?? ?쒕갚?묒뾽??留덉튇 ??利앸쪟?섎? ?ъ슜??,,,,,,,,,
"??源⑤걮?섍쾶 ?몄쿃?섏뿬, ?곗깋?쇰줈 ?쒕갚???댁큹瑜??살뿀?? ??,
珥덉뿉???猷곕줈?ㅼ뒪瑜?異붿텧?섍린 ?꾪빐?쒕뒗 ?묒왎臾쇱씠??媛뺥븳,Extracted seaweed nano fiber: (a) Before"," and (b) After Fig. 2. """,,,,,,,,
A Study on the Fabrication and Mechanical Properties Evaluation of Natural Fiber Composites added Eco-friendly Materials,215,,,,,,,,
2.2 蹂듯빀?щ즺 ?쒖“,,,,,,,,,
2.2.1 ?ъ슜 ?щ즺,,,,,,,,,
蹂??곌뎄?먯꽌 蹂듯빀?щ즺瑜??쒖“?섍린 ?꾪븯???⑸쭏 吏곸“??,,,,,,,,,
"??Jute fabric, ??섍탳?? ?쒓뎅) 瑜?蹂닿컯?щ줈 ?ъ슜?섏??? ??,
留덉꽟?좎쓽 ?뱀쭠?쇰줈???낆? ?⑹깋鍮쏆쓣 ?좉퀬 ?덉쑝硫??ъ쑀??
吏곴꼍? ??100~200쨉m?대떎. 湲곗??щ줈??鍮꾨땺?먯뒪??KRF-,
1031", ?몄젣 ?뷀븰, ?쒓뎅) ?섏?瑜??ъ슜?섏??쇰ŉ 遺媛?곸쑝濡?寃?,,,,,,,
Peroxide? 珥됱쭊???붿젣 Methyl Ethyl Ketone Cobalt,,,,,,,,,
Naphthalate瑜??섏???寃쏀솕???ъ슜?섏??? ?ъ쑀? ?섏???怨?,,,,,,,,,
,Schematic of hand-layup methodFig. 4. ,,,,,,,,
"硫댁젒李⑸젰???μ긽?쒗궎湲??꾪빐 泥④??쒕? ?ъ슜?섏??붾뜲, 媛곴컖",,,,,,,,,
?댁큹?먯꽌 吏곸젒 異붿텧???댁큹 ?猷곕줈?ㅼ뒪(Sea Weed cellulose,,,,,,,,,
"fiber, SW) ?ъ쑀? ?議곌뎔???곸슜 ?섎끂?猷곕줈?ㅼ뒪(CNF,","踰뺤뿉 鍮꾪빐 ?ъ쑀 泥댁쟻?⑥씠 ?⑥뼱吏???⑥젏???덉?留? ?섏?二?
ANPOLY", ?쒓뎅)瑜??좎젙?섏??? ????媛吏 泥④??쒕? ?댁슜??,"??諛⑹떇???깊삎怨듭젙???ъ슜??寃쎌슦, ?섏????덈뒗 泥④??쒓?",,,,,,
"??泥쒖뿰?ъ쑀 蹂듯빀?щ즺瑜??쒖“?섍퀬 ?몄옣, 援쏀옒 ???ㅼ뼇????,?ъ쑀???섑빐 ?꾪꽣留?Filtering)?섎뒗 ?꾩긽??諛쒖깮?섍린 ?뚮Ц??
?섏쓣 ?듯븯??泥④??쒓? 湲곌퀎??臾쇱꽦??誘몄튂???곹뼢??鍮꾧탳,??덉쑝濡쒖뜥 ?좏깮?섏뿀?? ?몃뱶-?덉씠??怨듭젙???ъ슜?섏뿬 蹂?
遺꾩꽍?섏???,?⑹옱猷뚮? ?쒖“??寃쎌슦", ?명벂??怨듭젙??鍮꾪븯??泥④??쒕? 怨?,,,,,,,,
,瑜닿쾶 遺꾩궛?쒗궗 ???덈떎.,,,,,,,,
2.2.2 泥④???遺꾩궛 諛??몃뱶-?덉씠??怨듭젙,援ъ껜?곸씤 ?몃뱶-?덉씠??怨듭젙???덉감?? 癒쇱? 6mm???뚮（,,,,,,,,
"蹂듯빀?щ즺瑜??쒖“?섍린 ?? ?댁큹濡쒕???異붿텧??SW? ?議?,誘몃뒆 ?됲뙋???ы룷瑜??ъ슜?섏뿬 ??硫댁쓣 ?됲룊?섍쾶 ?곕쭏 諛???
援곗쑝濡??ъ슜??CNF瑜?媛곴컖 湲곗????댁뿉 遺꾩궛?쒗궎湲??꾪빐",",泥숉븳?? 洹??? ?뚰뵆濡??쒗듃(TEFLON Sheet)瑜??ъ슜?섏뿬 ??",,,,,,,,
3 Roll Mill ?λ퉬瑜??댁슜?덈떎. 3 Roll Mill? 3媛쒖쓽 濡ㅼ씠 ?쒕줈,"留덊븳 ?뚮（誘몃뒆 ?됲뙋??遺숈씠怨? 二쇱쐞???ㅻ????뚯씠?꾨? ??
?ㅻⅨ 諛⑺뼢怨??띾젰?쇰줈 ?뚯쟾?섎㈃?? 濡ㅺ낵 濡??ъ씠?먯꽌 諛쒖깮""",瑜몃떎. 洹??꾩뿉 吏곸“?뺥깭???⑸쭏 泥쒖뿰?ъ쑀 4?μ쓣 ?곸링?쒗궎,,,,,,,
?섎뒗 ?꾨떒?μ쓣 ?댁슜?섏뿬 泥④??쒕? 湲곗????댁뿉 遺꾩궛?쒗궎,"怨? ?곸링怨쇱젙?먯꽌 ?ъ쑀? ?ъ쑀 ?ъ씠 痢듭뿉 異⑸텇???곹?吏??
???λ퉬?대떎. ?꾨떒?μ쓣 ?ъ슜?섏뿬 遺꾩궛 ?? 泥④??쒓? 萸됱퀜??",濡??섏?瑜?梨꾩썙以 ?? Fig. 4? 媛숈씠 濡ㅻ윭瑜??ъ슜?섏뿬 ?섏?,,,,,,,
"?덉쓣 寃쎌슦?먮룄 ?꾨떒?μ뿉 ?섑븳 遺꾩뇙媛 媛?ν븯硫? ?쇱젙????,?대???湲고룷瑜??쒓굅?섍퀬 ?ъ쑀媛 怨좊Ⅴ寃??댁??꾨줉 ?섏???
?쇰줈 ?④낵?곸쑝濡?泥④???遺꾩궛??媛?ν븯?? 濡ㅼ쓽 理쒓퀬 ?뚯쟾,洹???異⑸텇???곸뀛吏??⑸쭏 吏곸“?ъ쑀 4???꾩뿉 ?됱뿬 ?섏?媛
?띾룄??200RPM?쇰줈 ?ㅼ젙?섏?怨? 濡??ъ씠??媛꾧꺽??15쨉m""",?≪닔?????덈룄濡?釉뚮━?붾? ?곸링?????꾨쫫????뼱 吏꾧났??,,,,,,,,
"?먯꽌 ?먯젏 醫곹엳硫댁꽌 ?쒖“???댁큹 ?猷곕줈?ㅼ뒪? CNF媛 湲?""?쒕? 留뚮뱾?덉쑝硫? ?섏?媛 寃쏀솕?????덈룄濡?寃쏀솕 ?ㅻ툙????",,,,,,,,,
吏???댁뿉 異⑸텇??遺꾩궛?섎룄濡?4踰덉뵫 諛섎났?섏뿬 ?묒뾽??吏꾪뻾,,,,,,,,,
,?⑺븯??80oC???⑤룄濡?2?쒓컙?숈븞 媛?댁떆耳곕떎.,,,,,,,,
"?섏??? 泥④??쒕뒗 湲곗??ъ뿉 媛곴컖 0.1wt%, 0.3wt%, 0.5wt%",,,,,,,,,
"??鍮꾩쑉濡?泥④??덇퀬, 遺꾩궛???꾨즺???섏?瑜??ъ슜?섏뿬 蹂듯빀",2.3 湲곌퀎??臾쇱꽦 ?됯?,,,,,,,,
"?щ즺瑜??쒖“?섏??? Fig. 3? 3 Roll Mill ?λ퉬???묐룞 怨꾨왂??""癒쇱?"," 異붿텧???댁큹 ?猷곕줈?ㅼ뒪???깅텇???뺤씤?섍린 ?꾪빐""",,,,,,,,
瑜??섑??댁뿀??,Fourier Transform Infrared spectroscopy(FT-IR) 遺꾩꽍怨?X-,,,,,,,,
蹂듯빀?щ즺 ?쒖“ 怨듭젙?먮뒗 ?ㅼ뼇??諛⑸쾿???덈뒗?? 蹂??곌뎄,"Ray Diffraction (XRD) 遺꾩꽍???ㅼ떆?섏뿬, 媛吏怨??덈뒗 寃고빀",,,,,,,,
?먯꽌???몃뱶-?덉씠??Hand-Layup) 怨듭젙???ъ슜?덈떎. ??怨?援ъ“? 寃곗젙?깆쓣 ?뺤씤?덈떎. 洹몃━怨??댁큹 ?猷곕줈?ㅼ뒪 ?ъ쑀,,,,,,,,,
踰뺤? VARTM(Vacuum Assisted Resin Transfer Molding) 怨?? CNF??泥④?媛 泥쒖뿰?ъ쑀 蹂듯빀?щ즺??湲곌퀎??臾쇱꽦????,,,,,,,,,
,移섎뒗 ?곹뼢???뺤씤?섍린 ?꾪빐 湲곌퀎??臾쇱꽦?됯?瑜?吏꾪뻾?섏?,,,,,,,,
,"?? 吏꾪뻾??臾쇱꽦?쒗뿕? ?몄옣?쒗뿕(Tensile test), ?꾨떒?쒗뿕(Shear",,,,,,,,
,"test), 3??援쏀옒?쒗뿕(3 Point Bending test), ?숈텛 異⑷꺽 ?쒗뿕",,,,,,,,
,(Drop-weight impact test)瑜?吏꾪뻾?섏???,,,,,,,,
,3. ?곌뎄 寃곌낵,,,,,,,,
,"3.1 FT-IR, XRD 遺꾩꽍",,,,,,,,
,Fig. 5??異붿텧?꾩쓽 ?댁큹? 異붿텧???댁큹 ?猷곕줈?ㅼ뒪??Fourier,,,,,,,,
,Transform Infrared spectroscopy ?깅텇 遺꾩꽍 寃곌낵 洹몃옒?꾩씠??,,,,,,,,
Fig. 3. Conceptual diagram of 3 Roll mill,"Wavenumber 3448, 1639, 673?먯꽌 Intensity媛 ?ш쾶 利앷???寃?
216,Jae-Cheol Kim", Dong-Woo Lee, M.N. Prabhakar," Jung-Il Song""",,,,,
Comparison of the Seaweed and Seaweed Cellulose byFig. 5.,Fig. 7. Stress-Strain curve of the prepared composites,,,,,,,,
FT-IR,,,,,,,,,
,Fig. 8. Tensile properties of the prepared composites ,,,,,,,,
Comparison of the Seaweed and Seaweed Cellulose byFig. 6.,??媛먯냼?섎뒗 寃쏀뼢???섑??덈떎. 泥④??쒕? 泥④??섏? ?딄퀬 ??,,,,,,,,
XRD ,,,,,,,,,
,"議고븳 蹂듯빀?щ즺???됯퇏 ?몄옣媛뺣룄????36MPa?댁?留? SW瑜?
"",泥④???寃쎌슦 理쒕? 44MPa源뚯? ?μ긽?덈떎. ?꾩꽦怨꾩닔??寃쎌슦
??蹂????덈뒗?? ?대뒗 ?猷곕줈?ㅼ뒪???뱀꽦???섑??대뒗 ?밢H""",泥④??쒖쓽 泥④? 鍮꾩쑉??利앷??좎닔濡?利앷??섎뒗 寃쏀뼢???섑?,,,,,,,
"寃고빀??媛뺣룄媛 利앷???寃껋쓣 ?????덈떎. ?대뒗 ?猷곕줈?ㅼ뒪 異?""?댁뿀?? CNF瑜?泥④???寃쎌슦?먮룄"," ?댁큹 ?猷곕줈?ㅼ뒪瑜?泥④?""",,,,,,,,
異쒓낵?뺤뿉??遺덉닚臾쇱씠 ?쒓굅?섍퀬 ?猷곕줈?ㅼ뒪 鍮꾩쑉???μ긽????寃쎌슦? 留덉갔媛吏濡?湲곗〈 蹂듯빀?щ즺 ?몄옣媛뺣룄蹂대떎 ?μ긽,,,,,,,,,
寃껋쓣 ?섎??쒕떎.,?덉쑝硫? 0.3%?먯꽌 媛???믪? 媛뺣룄瑜??섑??댁뿀?? ?꾩꽦怨꾩닔,,,,,,,,
Fig. 6? 異붿텧?꾩쓽 ?댁큹? 異붿텧???댁큹 ?猷곕줈?ㅼ뒪??X-,,,,,,,,,
,??泥④??쒕? 0.1% 泥④??섏??????μ긽?덉?留?泥④? 鍮꾩쑉??,,,,,,,,
Ray Diffraction ?깅텇 遺꾩꽍 寃곌낵 洹몃옒?꾩씠?? 異붿텧???댁큹 ?,"?섏뼱?좎닔濡??먯젏 媛먯냼?섎뒗 寃쏀뼢???섑??ш퀬, 0.5%?먯꽌??
猷곕줈?ㅼ뒪 寃곌낵?먯꽌 援댁젅 媛곷룄媛 22o ???쇳겕?먯씠 ?앷릿 寃??ㅽ엳??湲곗〈蹂대떎 ???⑥뼱吏?붽쾬???뺤씤?????덉뿀??
???뺤씤?????덉뿀?? ?좎뭅濡쒖슫 ?쇳겕?먯씠 諛쒓껄?섏뿀?ㅻ뒗 寃?
? 寃곗젙?깆씠 ?щ씪媛?寃껋쓣 ?섎??섎ŉ"," 22o?먯꽌???쇳겕?먯? ?""",3.3 ?꾨떒 嫄곕룞,,,,,,
猷곕줈?ㅼ뒪??議댁옱瑜??섑??대뒗 ?뱀꽦?대떎. ,Fig. 9? Fig. 10? SW? CNF 泥④??쒕? ?ъ슜??蹂듯빀?щ즺,,,,,,,,
,???꾨떒 嫄곕룞???섑???洹몃옒?꾩씠?? 泥④??쒕? 泥④??섏? ??,,,,,,,,
3.2 ?몄옣 嫄곕룞,? 蹂듯빀?щ즺蹂대떎 SW瑜?泥④???蹂듯빀?ъ쓽 ?꾨떒 媛뺣룄? ?꾨떒,,,,,,,,
Fig. 7怨?Fig. 8? SW? CNF瑜?泥④??섏뿬 ?쒖“??泥쒖뿰?ъ쑀,?꾩꽦怨꾩닔媛 ?μ긽??寃껋쓣 ?뺤씤?덈떎. ?꾨떒 媛뺣룄???몄옣媛뺣룄,,,,,,,,
"蹂듯빀?щ즺???몄옣嫄곕룞???섑???洹몃옒?꾩씠?? SW瑜?泥④???""? 鍮꾩듂??寃쏀뼢???섑??덈뒗?? 湲곗〈 蹂듯빀?ъ쓽 ?꾨떒 媛뺣룄??",,,,,,,,,
???? 泥④??섏? ?딆? 蹂듯빀?щ즺蹂대떎 ?몄옣媛뺣룄? ?꾩꽦怨꾩닔,??8MPa??媛뺣룄瑜?媛吏吏留? SW 0.3wt.% 泥④?????理쒕?,,,,,,,,
"媛 ?μ긽?덈떎. ?몄옣媛뺣룄??寃쎌슦, 0.3wt.% 泥④??섏?????媛?,9.2MPa源뚯? ?μ긽?덈떎.?섏?留?0.5wt.%?먯꽌??媛뺣룄媛
?꾧? 媛???믪븯?쇰ŉ"," 0.3wt.%蹂대떎 ??留롮씠 泥④?????臾쇱꽦""",0.3wt.%蹂대떎 ?쎄컙 ?섎씫?덇린??0.3wt.% ?댁긽??泥④??쒕뒗 媛?,,,,,,,
A Study on the Fabrication and Mechanical Properties Evaluation of Natural Fiber Composites added Eco-friendly Materials,217,,,,,,,,
Fig. 9. Shear behavior of the prepared composites, Bending behavior of the prepared compositesFig. 11.,,,,,,,,
Fig. 10. Shear properties of the prepared composites ,Bending properties of the prepared composites Fig. 12. ,,,,,,,,
"?꾧? ?먯젏 ?섎씫??寃껋씠?쇨퀬 ?앷컖?쒕떎. ?꾨떒?꾩꽦怨꾩닔??寃?""媛議뚯?留? ?댁큹 ?猷곕줈?ㅼ뒪 泥④???0.5wt.%瑜?泥④??덉쓣 ??",,,,,,,,,
"?? 湲곗〈 蹂듯빀?ъ뿉 鍮꾪븯???쎄컙 ?곸듅?섏??쇰굹 ??李⑥씠????,????4.8mm源뚯? ?섏쨷??寃щ렆?? CNF瑜?泥④??쒕줈 ?ъ슜??
??섏? ?딆븯?? CNF瑜?泥④???寃쎌슦"," ?욎꽌 ?멸툒???댁큹 ?""","寃쎌슦, ?댁큹 ?猷곕줈?ㅼ뒪? 鍮꾩듂??寃쏀뼢?쇰줈 援쏀옒 臾쇱꽦????
猷곕줈?ㅼ뒪瑜?泥④???蹂듯빀?ъ뿉 ?鍮꾪빐 ?꾨떒 媛뺣룄媛 ??留롮씠,?곹뻽?쇰ŉ"," 留덉갔媛吏濡?0.3wt.%?먯꽌 媛??臾쇱꽦???믨쾶 痢≪젙""",,,,,,
"?곸듅?섏??쇰ŉ ?꾨떒 怨꾩닔 ?먰븳, ?ш쾶 ?곸듅?덈떎. 理쒓퀬 媛뺣룄??,?섏뿀?? 泥④??쒕? 0.1wt.% 泥④??덉쓣 ?? 洹좎뿴 吏꾩쟾???吏""",,,,,,,,,
"留덉갔媛吏濡?0.3wt.%?먯꽌 痢≪젙?먯쑝硫? 10.8MPa源뚯? ?μ긽??,?섎뒗 ?꾩긽??諛쒓껄?섏? ?딆븯吏留? 0.3wt.% ?댁긽遺??洹좎뿴??",,,,,,,,,
?? ?몄옣媛뺣룄? 鍮꾩듂??寃쏀뼢?쇰줈 0.5wt.%?먯꽌 臾쇱꽦??0.3wt.%,,,,,,,,,
,?吏?섎뒗 ?꾩긽???섑??щ떎. ?댁뿉 ?곕씪 泥④???泥④? 鍮꾩쑉??,,,,,,,,
"蹂대떎 ?섎씫?섎뒗 寃껋쓣 蹂댁븘, 留롮? 泥④??쒕뒗 ?ㅽ엳??臾쇱꽦???",利앷??좎닔濡??뚮떒 蹂?꾨뒗 利앷??덈떎.,,,,,,,,
?섏떆?ㅻ뒗 寃껋쑝濡??먮떒?쒕떎.,,,,,,,,,
,3.5 異⑷꺽 嫄곕룞,,,,,,,,
3.4 援쏀옒 嫄곕룞,Fig. 13? SW? CNF 泥④??쒕? ?ъ슜??蹂듯빀?щ즺???숈텛,,,,,,,,
Fig. 11怨?Fig. 12??SW? CNF瑜?泥④??쒕줈 ?ъ슜?섏뿬 ?쒖“,異⑷꺽?쒗뿕 寃곌낵瑜??쒓컙???곕Ⅸ ?섏쨷??蹂?붾줈 ?섑???洹몃옒,,,,,,,,
??泥쒖뿰?ъ쑀 蹂듯빀?ъ쓽 3??援쏀옒 ?쒗뿕??寃곌낵 媛믪쓣 洹몃옒???꾩씠?? 理쒕? 異⑷꺽?섏쨷? 3.8 kN?쇰줈 泥④??쒕? 泥④??섏? ??,,,,,,,,,
濡??섑???寃껋씠?? SW瑜?泥④???蹂듯빀?щ즺??援쏀옒 媛뺣룄媛,? 蹂듯빀?щ즺蹂대떎 ?믪? 異⑷꺽?섏쨷??蹂댁??? 湲곗〈 蹂듯빀?ъ쓽,,,,,,,,
"湲곗〈 蹂듯빀?щ즺??援쏀옒 媛뺣룄蹂대떎 ?믪? 臾쇱꽦???섑??덈떎. 援?""異⑷꺽嫄곕룞??蹂대㈃"," 異⑷꺽 吏곹썑 ?섏쨷???먯젏 ?곸듅?섎떎媛 理쒓퀬""",,,,,,,,
???쒗뿕??留덉갔媛吏濡?0.3wt.%?먯꽌 臾쇱꽦??媛???믪븯???먯뿉??湲됯꺽???⑥뼱吏??寃껋쓣 蹂댁뿬以?? ?대뒗 異⑷꺽??洹좎뿴,,,,,,,,,
"硫? 泥④??쒕? 0.3wt.% ?댁긽??鍮꾩쑉濡?泥④??섎㈃ 臾쇱꽦??媛?,吏꾩쟾????????씠 ??븘 ?먮꼫吏瑜?異⑸텇???≪닔?섏? 紐삵븯
?뚰뻽?? ?섏?留?泥④??쒓? 泥④??좎닔濡??뚮떒 蹂?꾨뒗 利앷???怨??뚯넀??鍮⑤━ 吏꾪뻾??寃껋쓣 ?섎??쒕떎. 諛섎㈃??SW? CNF
?쇰ŉ", 0.5%wt.??鍮꾩쑉?????ш쾶 利앷???寃껋쓣 ?뺤씤?덈떎. 泥?,"瑜?泥④???蹂듯빀?щ즺??寃쎌슦 ???믪? 異⑷꺽?섏쨷??媛吏硫? 理?
媛?쒕? ?ｌ? ?딆? 蹂듯빀?щ뒗 ?됯퇏 ??4mm???뚮떒 蹂?꾨?,怨좎젏 ?댄썑 ?섏쨷???좎??섎㈃???쒖꽌???⑥뼱吏??寃껋쓣 ?섑?
218Jae-Cheol Kim", Dong-Woo Lee, M.N. Prabhakar," Jung-Il Song""",,,,
Fig. 13. Impact behavior under low velocity impact loading,,,,,,,,,
"Fig. 15. Fracture surface of (a) JFRP, and (b) with particle ",,,,,,,,,
Fig. 14. Absorbed energy under low velocity impact loading ,,,,,,,,,
?몃떎. ?대뒗 泥④??쒓? 異⑷꺽???섑븳 洹좎뿴吏꾩쟾??吏?곗떆?ㅻ뒗,,,,,,,,,
?④낵媛 ?덉쓬???섎??쒕떎. Fig. 14???쒓컙???곕Ⅸ ?≪닔?먮꼫,,,,,,,,,
吏瑜??섑???洹몃옒?꾩씠?? ?댁큹 ?猷곕줈?ㅼ뒪? CNF ????0.3%,,,,,,,,,
泥④??덉쓣 ??媛???믪? 異⑷꺽?섏쨷??媛吏?留뚰겮 異⑷꺽 ?먮꼫吏,,,,,,,,,
"?먰븳 媛???믨쾶 痢≪젙?섏뿀?쇰ŉ, 洹몄뿉 ?곕Ⅸ ?≪닔?먮꼫吏??媛",,,,,,,,,
???믨쾶 ?섑??щ떎.,,,,,,,,,
3.6 ?뚮떒硫?遺꾩꽍,,,,,,,,,
"Fig. 15??泥④??쒕? 泥④??섏? ?딆? ?⑸쭏?ъ쑀 媛뺥솕 蹂듯빀??""Fig. 16. Impact damage behavior: (a) JFRP and (b) with particle """,,,,,,,,,
"猷?Jute fabric-reinforced plastic, JFRP) ?쒗렪???뚮떒硫닿낵 泥④?",,,,,,,,,
"?쒕? 泥④????쒗렪???뚮떒硫댁쓣 二쇱궗 ?꾩옄?꾨?寃쎌쓣 ?듯빐 珥?""誘몄??먯꽌 蹂댁씠??諛붿? 媛숈씠"," 泥④??쒕? 泥④??섏? ?딆? ?⑸쭏""",,,,,,,,
"?곹븳 ?ъ쭊?대떎. 泥④??쒕? 泥④??섏? ?딆? 寃쎌슦(Fig. 15(a)), ??,?ъ쑀???쒕㈃? 留ㅼ슦 留ㅻ걚?ъ슫 ?뺤긽???섑??몃떎. 諛섎㈃?? 泥?",,,,,,,,,
留덉꽟?좉? 戮묓엺 ?먭뎅(Fiber Pullout)?꾩긽???ㅼ닔 愿李곕릺?덉쑝,媛?쒕? 泥④????⑸쭏 ?ъ쑀???쒕㈃? 泥④??쒓? ?ъ쑀?쒕㈃??,,,,,,,,
硫? ?대뒗 移쒖닔?깆씤 泥쒖뿰?ъ쑀? ?뚯닔?깆씤 ?섏???怨꾨㈃?묒갑,"遺李⑸릺???쒕㈃ 嫄곗튌湲곌? 利앷??섏??쇰ŉ, ?대줈 ?명빐 怨꾨㈃??
???쏀솕濡??명빐 諛쒖깮?섎뒗 ?꾩긽?대떎. 諛섎㈃?? 泥④??쒕? 泥④?""",李⑷컯???먮뒗 怨꾨㈃?꾨떒媛뺣룄???곸듅???곹뼢??二쇱뿀??寃껋쑝,,,,,,,
"??寃쎌슦(Fig. 15(b)) ?⑸쭏?ъ쑀? ?섏?媛 ?④퍡 ?뚮떒???꾩긽??""濡??먮떒?쒕떎. """,,,,,,,,,
留롮븯?? ?대뒗 ?ъ쑀? 湲곗??ш컙??怨꾨㈃ ?묒갑?μ씠 ?μ긽?섏뿀,Fig. 16? ?숈텛異⑷꺽?쒗뿕??吏꾪뻾???쒗렪???⑤㈃?대떎. 泥④?,,,,,,,,
"湲??뚯씤 寃껋쑝濡??덉긽?섎ŉ, ?댁뿉 ?곕씪 湲곌퀎??臾쇱꽦 媛뺣룄媛 ??,?쒕? 泥④??섏? ?딆? ?쒗렪??寃쎌슦"," 異⑷꺽??諛쏆븯???? ?쒗렪""",,,,,,,,
"?곹븳 寃껋쑝濡??먮떒?쒕떎. 臾쇱꽦?μ긽??硫붿빱?덉쬁? 怨좊같????""?꾨옯遺遺꾩뿉???곗졇?섍컙 ?뺤긽???섑??닿퀬 ?덉쑝硫? ?대뒗 異?",,,,,,,,,
A Study on the Fabrication and Mechanical Properties Evaluation of Natural Fiber Composites added Eco-friendly Materials,219,,,,,,,,
寃⑹뿉?덉?瑜??≪닔?섏? 紐삵븳 寃껋쑝濡??먮떒?쒕떎. 諛섎㈃??泥④?,湲고썑,,,,,,,,
"?쒕? 泥④????쒗렪??寃쎌슦, 異⑷꺽??諛쏆븯?????쒕쾲???곗졇??,
媛吏 ?딄퀬 ?먯쭊?곸쑝濡?洹좎뿴??吏꾩쟾?섎㈃???뚮떒??寃껋쓣 ?????쇰Ц? 2019?꾨룄 ?뺣?(誘몃옒李쎌“怨쇳븰遺)???ъ썝?쇰줈
?명뻽?? ?대뒗 異⑷꺽?먮꼫吏媛 泥④??쒕줈 遺꾩궛?섏뼱 洹좎뿴??吏??쒓뎅?곌뎄?щ떒??吏?먯쓣 諛쏆븘 ?섑뻾???곌뎄??No.
?꾪븯硫댁꽌 ?먮꼫吏瑜??≪닔??寃껋쑝濡??먮떒?쒕떎.,2018R1A6A1A03024509).
4. 寃곕줎,
"",REFERENCES
蹂??곌뎄?먯꽌??李⑥꽭? ?뚯옱濡쒖뜥 ?곌뎄媛 ?쒕컻???섎끂?,Law", K.L., and Thompson, R.C., ?쏮icroplastics in the Seas,"??Sci-1.""",,,,
猷곕줈?ㅼ뒪?ъ쑀瑜?寃쎌젣?곸씠硫댁꽌 移쒗솚寃쎌쟻?쇰줈 ?泥댄븯怨좎옄,"ence, Vol. 345, No. 6193, 2014, pp. 144-145.",,,,,,,,
"?댁큹濡쒕????猷곕줈?ㅼ뒪瑜?異붿텧????蹂듯빀?щ즺???쒖“ 諛?""Fahrenkamp-Uppenbrink", J., ?쏶eas are Awash with Microplas-2.tics,??Science, Vol. 345, No. 6193,2014," pp. 175-177.""",,
湲곌퀎???뱀꽦?됯?瑜??섑뻾?섏??? ?댁큹?먯꽌 異붿텧??泥④??쒕뒗,"Vignieri, S., ?쏮icroplastic's Triple Threat,??Science, Vol. 352, No.3.",,,,,,,,
FT-IR怨?XRD ?깅텇 遺꾩꽍寃곌낵?먯꽌 ?猷곕줈?ㅼ뒪 ?뱀꽦??媛吏,"6290, 2016, p. 1185.",,,,,,,,
"??寃껋쓣 ?뺤씤?????덉뿀?쇰ŉ, ?대? 泥④??섏뿬 ?쒖“??蹂듯빀??,Lee", J., and Pai, C.," ?쏷rends of Environment-friendly Bioplas-4.""",,,,,
"猷뚯쓽 媛뺣룄媛 湲곗〈??蹂듯빀?щ즺蹂대떎 湲곌퀎??臾쇱꽦???μ긽??""tics",??Applied Chemistry for Engineering, Vol. 27, No. 3,2016,"
寃껋쓣 ?뺤씤?????덉뿀?? ?몄옣", 援쏀옒, ?꾨떒, 異⑷꺽 ???ㅼ뼇??湲?,pp.245-251.
,"Mohan,K.,andRajmohan,T.,?쏣ffectsofMWCNTon5.",,,,,,,,
怨꾩쟻 ?쒗뿕?먯꽌 泥④??쒓? 臾쇱꽦?μ긽???④낵?곸엫???뺤씤????MechanicalPropertiesofGlass-FlaxFiberReinforcedNano,,,,,,,,,
"?덉뿀?쇰ŉ, ?쇰? 臾쇱꽦? ?곸슜 ?섎끂?猷곕줈?ㅼ뒪??以?섎뒗 ??,Composites",??Materials Today: Proceedings, Vol. 5, No. 5,2018,"
?μ쓣 蹂댁??? ?곕씪??CNF瑜?泥④??쒕줈 ?ъ슜?덉쓣 ?? 吏곸젒 異?",pp.11628-11635.,,,
"異쒗븳 ?댁큹 ?猷곕줈?ㅼ뒪 泥④??쒕낫?????믪? 臾쇱꽦???살쓣 ??""Lee", D.W., Park, B.J., and Song, J.I.," ?쏛 Study on Fibre Resis-6.""",,,
?덉뿀吏留? 媛寃?痢〓㈃怨??앹궛?깆쓣 遊ㅼ쓣 ???댁큹 ?猷곕줈?ㅼ뒪,"tance of Abaca/Vinyl-ester Composites,??Composites Research,",,,,,,,,
???묒슜 媛?μ꽦???뺤씤?????덉뿀?? ,"Vol. 30, No. 1, 2017, pp. 59-64.Lee, D.W., Park, B.J., Song, J.I., Park, S.-Y., and Choi, C.-H.,7.",,,,,,,,
蹂??곌뎄瑜??듯븯??媛쒕컻???댁큹 ?猷곕줈?ㅼ뒪??泥쒖뿰?ъ쑀,?쏤abrication of High-Stiffness Fiber Metal Laminates and Study,,,,,,,,
"蹂듯빀?щ즺??臾쇱꽦 ?μ긽???④낵媛 ?덉쓣 肉먮쭔 ?꾨땲??移쒗솚寃?""of Their Behavior Under Low-Velocity impact Loadings","??Com-""",,,,,,,,
"??諛?寃쎌젣?깆쓣 媛吏怨??덉뼱, ?꾩냽?곌뎄瑜??듯븯???ㅼ뼇??遺?,posite Structures", Vol. 189,2018," pp. 61-69.""",,,,,,
?쇱뿉 ?곸슜?????덉쓣 寃껋씠??湲곕??쒕떎.,"Kim, J.C., Lee, D.W., and Song, J.I., ?쏧nvestigation of the Effect8.",,,,,,,,
,of Seaweed Nanofibers in Jute Fiber-reinforced Composites as,,,,,,,,
,"an Additive,??Composites Research, Vol. 31, No. 6, 2018, pp. 398-",,,,,,,,
,403,,,,,,,,
